MPIN_Daily_report,,,,,,,,,,,,,,,,,
Branch,Clarification,Date,Requested delivery date,External sales or Internal Sales,Customer,Customer Market Segment,Product Number,Product Model ,Qty. (pcs),Currency (INR),Unit Selling Price per pcs (INR),Unit Purchase Cost per pcs (INR),Product Code,Name of supplier,Production in India,User Name,End user Market segment
MPIN,2,'2021/12/29,'2021/02/08,OUT,ACE MANUFACTURING SYSTEMS LIMITED,10 - Machine tool,,SFC-050DA2-20B-16BC-C,50,INR,2050,1288.71,2301,MPIN,OUT,,
MPIN,2,'2021/12/29,'2021/02/20,OUT,ACE MANUFACTURING SYSTEMS LIMITED,10 - Machine tool,,SFC-090DA2-28B-35B,150,INR,4115,2849.16,2301,MPIN,OUT,,
MPIN,2,'2021/12/29,'2021/06/20,IN,MIKI PULLEY TAIWAN CO. LTD.,98 - Miki Group Company,,CLAMPING HUB A SFC-050DA2-BW PILOT BORE DIA 6 (JINDAL),1000,INR,2.17,149.49,2301,MPIN,OUT,,
MPIN,2,'2021/12/29,'2021/06/20,IN,MIKI PULLEY TAIWAN CO. LTD.,98 - Miki Group Company,,CLAMPING HUB B SFC-080DA2-PILOT BORE DIA 29 (JINDAL),700,INR,5.58,385.25,2301,MPIN,OUT,,
MPIN,2,'2021/12/29,'2021/06/20,IN,MIKI PULLEY TAIWAN CO. LTD.,98 - Miki Group Company,,CLAMPING HUB B SFC-090DA2-BW PILOT BORE DIA 18 (JINDAL),200,INR,7.26,500.82,2301,MPIN,OUT,,
MPIN,2,'2021/12/29,'2021/06/20,IN,MIKI PULLEY TAIWAN CO. LTD.,98 - Miki Group Company,,CLAMPING HUB B SFC-080DA2-BW FINISHED BORE 30MM,300,INR,5.73,376.37,2301,MPIN,OUT,,
MPIN,2,'2021/12/29,'2021/06/20,IN,MIKI PULLEY TAIWAN CO. LTD.,98 - Miki Group Company,,CLAMPING HUB B SFC-080DA2-BW FINISHED BORE 28MM,300,INR,5.73,376.37,2301,MPIN,OUT,,
MPIN,2,'2021/12/29,'2021/06/20,IN,MIKI PULLEY TAIWAN CO. LTD.,98 - Miki Group Company,,CLAMPING HUB B SFC-080DA2-BW FINISHED BORE 25MM,500,INR,5.73,376.37,2301,MPIN,OUT,,
MPIN,2,'2021/12/29,'2021/06/20,IN,MIKI PULLEY TAIWAN CO. LTD.,98 - Miki Group Company,,CLAMPING HUB B SFC-080DA2-BW FINISHED BORE 24MM,300,INR,5.73,395.25,2301,MPIN,OUT,,
MPIN,2,'2021/12/29,'2021/06/20,IN,MIKI PULLEY TAIWAN CO. LTD.,98 - Miki Group Company,,CLAMPING HUB B SFC-090DA2-BW FINISHED BORE DIA 25,300,INR,7.4,510.82,2301,MPIN,OUT,,
MPIN,2,'2021/12/29,'2021/06/20,IN,MIKI PULLEY TAIWAN CO. LTD.,98 - Miki Group Company,,CLAMPING HUB B SFC-090DA2-BW FINISHED BORE DIA 35,500,INR,7.4,500.82,2301,MPIN,OUT,,
MPIN,2,'2021/12/29,'2021/10/08,IN,MIKI PULLEY TAIWAN CO. LTD.,98 - Miki Group Company,,SPACER SFC-035DA2-BW-11L (JINDAL),500,INR,0.9,61.81,2301,MPIN,OUT,,
MPIN,2,'2021/12/29,'2022/03/30,OUT,ACE MANUFACTURING SYSTEMS LIMITED,10 - Machine tool,,SFC-060DA2-20B-24B-A,100,INR,2090,1101.69,2301,MPIN,OUT,,
MPIN,2,'2021/12/29,'2022/03/30,OUT,ACE MANUFACTURING SYSTEMS LIMITED,10 - Machine tool,,SFC-060DA2-20B-35B-B,25,INR,2090,1101.69,2301,MPIN,OUT,,
MPIN,2,'2021/12/29,'2022/03/30,OUT,ACE MANUFACTURING SYSTEMS LIMITED,10 - Machine tool,,SFC-050DA2-20B-16BC-C,1,INR,2050,1288.71,2301,MPIN,OUT,,
MPIN,2,'2021/12/29,'2021/03/23,OUT,ACE MANUFACTURING SYSTEMS LIMITED,10 - Machine tool,,SFC-090DA2-28B-35B,5,INR,4115,2849.16,2301,MPIN,OUT,,
MPIN,2,'2021/12/29,'2022/03/30,OUT,ACE MANUFACTURING SYSTEMS LIMITED,10 - Machine tool,,SFC-060DA2-28B-35B-C,60,INR,2090,1101.69,2301,MPIN,OUT,,
MPIN,2,'2021/12/29,'2022/03/30,OUT,ACE MANUFACTURING SYSTEMS LIMITED,10 - Machine tool,,SFC-060DA2-20B-32B-B,51,INR,2090,1101.69,2301,MPIN,OUT,,
MPIN,2,'2021/12/29,'2022/03/30,OUT,ACE MANUFACTURING SYSTEMS LIMITED,10 - Machine tool,,ALS-065-G-20B-24B,15,INR,1828,1302,2202,MPIN,OUT,,
MPIN,2,'2021/12/29,'2022/03/30,OUT,ACE MANUFACTURING SYSTEMS LIMITED,10 - Machine tool,,ALS-065-G-20B-35B,1,INR,1828,1302,2202,MPIN,OUT,,
MPIN,2,'2021/12/29,'2022/03/30,OUT,ACE MANUFACTURING SYSTEMS LIMITED,10 - Machine tool,,ALS-065-G-28B-35B,3,INR,1828,1302,2202,MPIN,OUT,,
MPIN,2,'2021/12/29,'2021/05/25,OUT,ASKAR MICRONS (P) LTD.,10 - Machine tool,,SFC-050DA2-19B-22B-B,10,INR,1862,645.71,2301,MPIN,OUT,,
MPIN,2,'2021/12/29,'2021/08/25,IN,MIKI PULLEY (TIANJIN) CO. LTD.,98 - Miki Group Company,,CLAMPING HUB B SFC-010DA2-BW FINISHED BORE 8mm,1500,INR,0.88,61.41,2301,MPIN,OUT,,
MPIN,2,'2021/12/29,'2021/06/10,OUT,ACE DESIGNERS LIMITED,10 - Machine tool,,SFC-050DA2-20B-16BC-C,50,INR,1965,1288.71,2301,MPIN,OUT,,
MPIN,2,'2021/12/29,'2021/07/10,OUT,ACE DESIGNERS LIMITED,10 - Machine tool,,SFC-050DA2-20B-16BC-C,50,INR,1965,1288.71,2301,MPIN,OUT,,
MPIN,2,'2021/12/29,'2021/07/20,OUT,ACE DESIGNERS LIMITED,10 - Machine tool,,SFC-050DA2-20B-16BC-C,350,INR,1965,1288.71,2301,MPIN,OUT,,
MPIN,2,'2021/12/29,'2021/08/10,OUT,ACE DESIGNERS LIMITED,10 - Machine tool,,SFC-050DA2-20B-16BC-C,100,INR,1965,1288.71,2301,MPIN,OUT,,
MPIN,2,'2021/12/29,'2021/07/15,IN,MIKI PULLEY TAIWAN CO. LTD.,98 - Miki Group Company,,CLAMPING HUB B SFC-010DA2-PILOT BORE DIA 6 (JINDAL),500,INR,0.67,46.41,2301,MPIN,OUT,,
MPIN,2,'2021/12/29,'2021/07/15,IN,MIKI PULLEY TAIWAN CO. LTD.,98 - Miki Group Company,,CLAMPING HUB A SFC-050DA2-BW PILOT BORE DIA 6 (JINDAL),1000,INR,2.17,149.49,2301,MPIN,OUT,,
MPIN,2,'2021/12/29,'2021/07/15,IN,MIKI PULLEY TAIWAN CO. LTD.,98 - Miki Group Company,,Clamping Hub SFC-080DA2 Pilot Bore,2000,INR,5.58,385.25,2301,MPIN,OUT,,
MPIN,2,'2021/12/29,'2021/07/15,IN,MIKI PULLEY TAIWAN CO. LTD.,98 - Miki Group Company,,Clamping Hub SFC-090DA2 Pilot Bore,500,INR,7.26,500.82,2301,MPIN,OUT,,
MPIN,2,'2021/12/29,'2021/07/15,IN,MIKI PULLEY TAIWAN CO. LTD.,98 - Miki Group Company,,SPACER SFC-035DA2-BW-11L (JINDAL),2000,INR,0.9,61.81,2301,MPIN,OUT,,
MPIN,2,'2021/12/29,'2021/05/01,IN,MIKI PULLEY TAIWAN CO. LTD.,98 - Miki Group Company,,CLAMPING HUB B SFC-060DA2-BW PILOT BORE DIA 9 T400 (JINDAL),468,INR,3.91,230.45,2301,MPIN,OUT,,
MPIN,2,'2021/12/29,'2021/04/30,IN,MIKI PULLEY TAIWAN CO. LTD.,98 - Miki Group Company,,SPACER SFC-060DA2-BW-16.5L (JINDAL),440,INR,2.61,179.98,2301,MPIN,OUT,,
MPIN,2,'2021/12/29,'2021/08/09,OUT,ACE DESIGNERS LIMITED,10 - Machine tool,,SFC-050DA2-20B-16BC-C,350,INR,1965,1288.71,2301,MPIN,OUT,,
MPIN,2,'2021/12/29,'2021/08/16,IN,MIKI PULLEY TAIWAN CO. LTD.,98 - Miki Group Company,,CLAMPING HUB B SFC-010DA2-PILOT BORE DIA 6 (JINDAL),778,INR,0.67,46.41,2301,MPIN,OUT,,
MPIN,2,'2021/12/29,'2021/08/16,IN,MIKI PULLEY TAIWAN CO. LTD.,98 - Miki Group Company,,CLAMPING HUB A SFC-040DA2-BW PILOT BORE DIA 6 (JINDAL),1000,INR,1.32,78.55,2301,MPIN,OUT,,
MPIN,2,'2021/12/29,'2021/08/16,IN,MIKI PULLEY TAIWAN CO. LTD.,98 - Miki Group Company,,CLAMPING HUB A SFC-050DA2-BW PILOT BORE DIA 6 (JINDAL),1500,INR,2.17,149.49,2301,MPIN,OUT,,
MPIN,2,'2021/12/29,'2021/08/16,IN,MIKI PULLEY TAIWAN CO. LTD.,98 - Miki Group Company,,CLAMPING HUB B SFC-060DA2-BW PILOT BORE DIA 9 T400 (JINDAL),1000,INR,3.91,230.45,2301,MPIN,OUT,,
MPIN,2,'2021/12/29,'2021/08/16,IN,MIKI PULLEY TAIWAN CO. LTD.,98 - Miki Group Company,,CLAMPING HUB B SFC-080DA2-PILOT BORE DIA 16 (JINDAL),2000,INR,5.58,385.25,2301,MPIN,OUT,,
MPIN,2,'2021/12/29,'2021/08/16,IN,MIKI PULLEY TAIWAN CO. LTD.,98 - Miki Group Company,,SPACER SFC-025DA2-BW-7.5L,500,INR,0.59,40.61,2301,MPIN,OUT,,
MPIN,2,'2021/12/29,'2021/08/16,IN,MIKI PULLEY TAIWAN CO. LTD.,98 - Miki Group Company,,SPACER SFC-035DA2-BW-11L,2000,INR,0.9,61.81,2301,MPIN,OUT,,
MPIN,2,'2021/12/29,'2021/11/15,OUT,JCB INDIA LTD,4 - Construction machinery,,CF-A-030-01-T39,266,INR,9192,6406,2101,MPJP,IN,,
MPIN,2,'2021/12/29,'2021/09/16,IN,MIKI PULLEY TAIWAN CO. LTD.,98 - Miki Group Company,,CLAMPING HUB A SFC-010DA2-PILOT BORE DIA 2 (JINDAL),1700,INR,0.67,46.41,2301,MPIN,OUT,,
MPIN,2,'2021/12/29,'2021/09/16,IN,MIKI PULLEY TAIWAN CO. LTD.,98 - Miki Group Company,,CLAMPING HUB B SFC-010DA2-PILOT BORE DIA 6 (JINDAL),922,INR,0.67,46.41,2301,MPIN,OUT,,
MPIN,2,'2021/12/29,'2021/09/16,IN,MIKI PULLEY TAIWAN CO. LTD.,98 - Miki Group Company,,CLAMPING HUB A SFC-040DA2-BW PILOT BORE DIA 6 (JINDAL),1000,INR,1.32,78.55,2301,MPIN,OUT,,
MPIN,2,'2021/12/29,'2021/09/16,IN,MIKI PULLEY TAIWAN CO. LTD.,98 - Miki Group Company,,CLAMPING HUB B SFC-060DA2-BW PILOT BORE DIA 9 T400 (JINDAL),1000,INR,3.91,230.45,2301,MPIN,OUT,,
MPIN,2,'2021/12/29,'2021/09/16,IN,MIKI PULLEY TAIWAN CO. LTD.,98 - Miki Group Company,,CLAMPING HUB B SFC-080DA2-PILOT BORE DIA 16 (JINDAL),1500,INR,5.58,385.25,2301,MPIN,OUT,,
MPIN,2,'2021/12/29,'2021/09/16,IN,MIKI PULLEY TAIWAN CO. LTD.,98 - Miki Group Company,,SPACER SFC-020DA2-BW-7.5L (JINDAL),1000,INR,0.55,37.98,2301,MPIN,OUT,,
MPIN,2,'2021/12/29,'2021/09/16,IN,MIKI PULLEY TAIWAN CO. LTD.,98 - Miki Group Company,,SPACER SFC-040DA2-BW-11L (JINDAL),1000,INR,0.99,68.32,2301,MPIN,OUT,,
MPIN,2,'2021/12/29,'2021/06/18,OUT,ACE DESIGNERS LIMITED,10 - Machine tool,,PSL-G-50,5,INR,1932,1170,2602,MPTJ,OUT,,
MPIN,2,'2021/12/29,'2021/07/21,OUT,"JCB India Ltd., Pune Parts Centre",4 - Construction machinery,,CF-A-030-01-T39,5,INR,9192,6406,2101,MPJP,IN,,
MPIN,2,'2021/12/29,'2021/08/21,OUT,"JCB India Ltd., Pune Parts Centre",4 - Construction machinery,,CF-A-030-01-T39,6,INR,9192,6406,2101,MPJP,IN,,
MPIN,2,'2021/12/29,'2021/09/21,OUT,"JCB India Ltd., Pune Parts Centre",4 - Construction machinery,,CF-A-030-01-T39,6,INR,9192,6406,2101,MPJP,IN,,
MPIN,2,'2021/12/29,'2021/10/21,OUT,"JCB India Ltd., Pune Parts Centre",4 - Construction machinery,,CF-A-030-01-T39,8,INR,9192,6406,2101,MPJP,IN,,
MPIN,2,'2021/12/29,'2021/11/22,OUT,"JCB India Ltd., Pune Parts Centre",4 - Construction machinery,,CF-A-030-01-T39,6,INR,9192,6406,2101,MPJP,IN,,
MPIN,2,'2021/12/29,'2021/12/21,OUT,"JCB India Ltd., Pune Parts Centre",4 - Construction machinery,,CF-A-030-01-T39,6,INR,9192,6406,2101,MPJP,IN,,
MPIN,2,'2021/12/29,'2022/01/21,OUT,"JCB India Ltd., Pune Parts Centre",4 - Construction machinery,,CF-A-030-01-T39,8,INR,9192,6406,2101,MPJP,IN,,
MPIN,2,'2021/12/29,'2021/10/11,IN,MIKI PULLEY (TIANJIN) CO. LTD.,98 - Miki Group Company,,CLAMPING HUB A SFC-030DA2-BW FINISHED BORE 10mm,2000,INR,1.01,66.48,2301,MPIN,OUT,,
MPIN,2,'2021/12/29,'2021/10/11,IN,MIKI PULLEY (TIANJIN) CO. LTD.,98 - Miki Group Company,,CLAMPING HUB B SFC-030DA2-BW FINISHED BORE 14mm,6000,INR,1.01,76.92,2301,MPIN,OUT,,
MPIN,2,'2021/12/29,'2021/10/11,IN,MIKI PULLEY (TIANJIN) CO. LTD.,98 - Miki Group Company,,SPACER SFC-030DA2-BW-8L (JINDAL),1000,INR,0.66,50.68,2301,MPIN,OUT,,
MPIN,2,'2021/12/29,'2021/07/10,OUT,VASAI TRANSMISSION,19 - Packaging machinery,,ALS-030-R-CLAMP TYPE,2,INR,700,395,2202,MPIN,OUT,,
MPIN,2,'2021/12/29,'2021/07/10,OUT,VASAI TRANSMISSION,19 - Packaging machinery,,ALS-040-R-CLAMP TYPE,3,INR,882,500,2202,MPIN,OUT,,
MPIN,2,'2021/12/29,'2021/07/10,OUT,VASAI TRANSMISSION,19 - Packaging machinery,,ALS-030-R-EL-P (100),6,INR,185,104,2202,MPJP,IN,,
MPIN,2,'2021/12/29,'2021/07/10,OUT,VASAI TRANSMISSION,19 - Packaging machinery,,ALS-040-R-EL-P (100),6,INR,198,112,2202,MPJP,IN,,
MPIN,2,'2021/12/29,'2021/07/31,OUT,HMT MACHINE TOOLS LIMITED-PINJORE,10 - Machine tool,,SFC-080DA2-32B-38B,3,INR,5212,1819.65,2301,MPIN,OUT,,
MPIN,2,'2021/12/29,'2021/11/02,IN,MIKI PULLEY (TIANJIN) CO. LTD.,98 - Miki Group Company,,CLAMPING HUB B SFC-010DA2-BW FINISHED BORE 8mm,1000,INR,0.88,61.41,2301,MPIN,OUT,,
MPIN,2,'2021/12/29,'2021/11/02,IN,MIKI PULLEY (TIANJIN) CO. LTD.,98 - Miki Group Company,,CLAMPING HUB A SFC-030DA2-BW PILOT BORE DIA 4 (JINDAL),1500,INR,0.82,53.48,2301,MPIN,OUT,,
MPIN,2,'2021/12/29,'2021/11/02,IN,MIKI PULLEY (TIANJIN) CO. LTD.,98 - Miki Group Company,,CLAMPING HUB B SFC-030DA2-BW PILOT BORE DIA 8 (JINDAL),1500,INR,0.82,63.92,2301,MPIN,OUT,,
MPIN,2,'2021/12/29,'2021/11/02,IN,MIKI PULLEY (TIANJIN) CO. LTD.,98 - Miki Group Company,,CLAMPING HUB A SFC-030DA2-BW FINISHED BORE 10mm,2000,INR,1.01,66.48,2301,MPIN,OUT,,
MPIN,2,'2021/12/29,'2021/11/02,IN,MIKI PULLEY (TIANJIN) CO. LTD.,98 - Miki Group Company,,CLAMPING HUB B SFC-030DA2-BW FINISHED BORE 14mm,2000,INR,1.01,76.92,2301,MPIN,OUT,,
MPIN,2,'2021/12/29,'2021/11/02,IN,MIKI PULLEY (TIANJIN) CO. LTD.,98 - Miki Group Company,,CLAMPING HUB B SFC-040DA2-BW FINISHED BORE 19MM,1000,INR,1.29,101.01,2301,MPIN,OUT,,
MPIN,2,'2021/12/29,'2021/09/08,OUT,BHARAT FRITZ WERNER LTD,10 - Machine tool,,SFF-100DS-T051 (48-60),7,INR,26282,13446,2302,MPJP,IN,,
MPIN,2,'2021/12/29,'2021/12/02,IN,MIKI PULLEY (TIANJIN) CO. LTD.,98 - Miki Group Company,,CLAMPING HUB A SFC-010DA2-PILOT BORE DIA 2 (JINDAL),1000,INR,0.66,46.41,2301,MPIN,OUT,,
MPIN,2,'2021/12/29,'2021/12/02,IN,MIKI PULLEY (TIANJIN) CO. LTD.,98 - Miki Group Company,,CLAMPING HUB B SFC-010DA2-BW FINISHED BORE 8mm,1000,INR,0.88,61.41,2301,MPIN,OUT,,
MPIN,2,'2021/12/29,'2021/12/02,IN,MIKI PULLEY (TIANJIN) CO. LTD.,98 - Miki Group Company,,CLAMPING HUB A SFC-030DA2-BW PILOT BORE DIA 4 (JINDAL),2000,INR,0.82,53.48,2301,MPIN,OUT,,
MPIN,2,'2021/12/29,'2021/12/02,IN,MIKI PULLEY (TIANJIN) CO. LTD.,98 - Miki Group Company,,CLAMPING HUB B SFC-030DA2-BW PILOT BORE DIA 8 (JINDAL),2000,INR,0.82,63.92,2301,MPIN,OUT,,
MPIN,2,'2021/12/29,'2021/12/02,IN,MIKI PULLEY (TIANJIN) CO. LTD.,98 - Miki Group Company,,CLAMPING HUB A SFC-030DA2-BW FINISHED BORE 10mm,2000,INR,1.01,66.48,2301,MPIN,OUT,,
MPIN,2,'2021/12/29,'2021/12/02,IN,MIKI PULLEY (TIANJIN) CO. LTD.,98 - Miki Group Company,,CLAMPING HUB B SFC-030DA2-BW FINISHED BORE 14mm,2000,INR,1.01,76.92,2301,MPIN,OUT,,
MPIN,2,'2021/12/29,'2021/12/02,IN,MIKI PULLEY (TIANJIN) CO. LTD.,98 - Miki Group Company,,SPACER SFC-030DA2-BW-8L (JINDAL),1000,INR,0.66,50.68,2301,MPIN,OUT,,
MPIN,2,'2021/12/29,'2021/12/02,IN,MIKI PULLEY (TIANJIN) CO. LTD.,98 - Miki Group Company,,CLAMPING HUB B SFC-040DA2-BW PILOT BORE DIA 13(JINDAL),1000,INR,1.15,90.75,2301,MPIN,OUT,,
MPIN,2,'2021/12/29,'2021/12/02,IN,MIKI PULLEY (TIANJIN) CO. LTD.,98 - Miki Group Company,,CLAMPING HUB A SFC-040DA2-BW FINISHED BORE 12mm,500,INR,1.29,88.55,2301,MPIN,OUT,,
MPIN,2,'2021/12/29,'2021/12/02,IN,MIKI PULLEY (TIANJIN) CO. LTD.,98 - Miki Group Company,,CLAMPING HUB A SFC-040DA2-BW FINISHED BORE 14mm,500,INR,1.29,88.55,2301,MPIN,OUT,,
MPIN,2,'2021/12/29,'2021/12/02,IN,MIKI PULLEY (TIANJIN) CO. LTD.,98 - Miki Group Company,,CLAMPING HUB B SFC-040DA2-BW FINISHED BORE 16mm,500,INR,1.29,101.01,2301,MPIN,OUT,,
MPIN,2,'2021/12/29,'2021/12/02,IN,MIKI PULLEY (TIANJIN) CO. LTD.,98 - Miki Group Company,,CLAMPING HUB B SFC-040DA2-BW FINISHED BORE 19MM,500,INR,1.29,101.01,2301,MPIN,OUT,,
MPIN,2,'2021/12/29,'2021/11/30,OUT,ACE MANUFACTURING SYSTEMS LIMITED,10 - Machine tool,,ALS-065SGN-30KHA-35KSA,5,INR,9122,8930,2202,MPTW,OUT,,
MPIN,2,'2021/12/29,'2021/09/30,OUT,BHARAT FRITZ WERNER LTD,10 - Machine tool,,SFF-0100DS-35BJ-40BK-450N,2,INR,10029,8910,2302,MPJP,IN,,
MPIN,2,'2021/12/29,'2021/09/18,OUT,YANTRANG CNC AUTOMATION PVT. LTD.,10 - Machine tool,,SFC-050DA2-19B-20B-C,80,INR,1500,645.71,2301,MPIN,OUT,,
MPIN,2,'2021/12/29,'2021/09/18,OUT,YANTRANG CNC AUTOMATION PVT. LTD.,10 - Machine tool,,SFC-050DA2-20B-22B-C,80,INR,1500,645.71,2301,MPIN,OUT,,
MPIN,2,'2021/12/29,'2021/09/18,OUT,YANTRANG CNC AUTOMATION PVT. LTD.,10 - Machine tool,,SFC-050DA2-20B-24B-C,70,INR,1500,645.71,2301,MPIN,OUT,,
MPIN,2,'2021/12/29,'2021/09/18,OUT,YANTRANG CNC AUTOMATION PVT. LTD.,10 - Machine tool,,SFC-060DA2-20B-24B-C,40,INR,2620,1101.69,2301,MPIN,OUT,,
MPIN,2,'2021/12/29,'2021/09/18,OUT,YANTRANG CNC AUTOMATION PVT. LTD.,10 - Machine tool,,SFC-060DA2-24B-25B-C,40,INR,2620,1101.69,2301,MPIN,OUT,,
MPIN,2,'2021/12/29,'2021/09/18,OUT,YANTRANG CNC AUTOMATION PVT. LTD.,10 - Machine tool,,SFC-080DA2-25B-32B,34,INR,3500,1819.65,2301,MPIN,OUT,,
MPIN,2,'2021/12/29,'2021/09/18,OUT,YANTRANG CNC AUTOMATION PVT. LTD.,10 - Machine tool,,ALS-065-R-25B-35B,45,INR,1870,1302,2202,MPIN,OUT,,
MPIN,2,'2021/12/29,'2021/10/25,OUT,PMT MACHINES LIMITED,10 - Machine tool,,SFF-100DS-32BJ-45BJ-450N,2,INR,20512,9231,2302,MPJP,IN,,
MPIN,2,'2021/12/29,'2021/10/25,OUT,PMT MACHINES LIMITED,10 - Machine tool,,SFF-100DS-32B-35BS-450N,1,INR,18462,9231,2302,MPJP,IN,,
MPIN,2,'2021/12/29,'2021/09/11,OUT,HILTON METAL FORGING LTD.,90 - Other machinery,,SFC-060DA2-25B-35B-C,2,INR,3742,1101.69,2301,MPIN,OUT,,
MPIN,2,'2021/12/29,'2021/09/11,OUT,HILTON METAL FORGING LTD.,90 - Other machinery,,SFC-080DA2-30B-35B,2,INR,5212,1819.65,2301,MPIN,OUT,,
MPIN,2,'2021/12/29,'2021/11/21,OUT,ACE MANUFACTURING SYSTEMS LIMITED,10 - Machine tool,,ALS-065-G-28B-35B,20,INR,1828,1302,2202,MPIN,OUT,,
MPIN,2,'2021/12/29,'2021/12/21,OUT,ACE MANUFACTURING SYSTEMS LIMITED,10 - Machine tool,,ALS-065-G-28B-35B,20,INR,1828,1302,2202,MPIN,OUT,,
MPIN,2,'2021/12/29,'2021/10/21,OUT,ACE MANUFACTURING SYSTEMS LIMITED,10 - Machine tool,,ALS-065-G-20B-24B,10,INR,1828,1302,2202,MPIN,OUT,,
MPIN,2,'2021/12/29,'2021/11/21,OUT,ACE MANUFACTURING SYSTEMS LIMITED,10 - Machine tool,,ALS-065-G-20B-35B,15,INR,1828,1302,2202,MPIN,OUT,,
MPIN,2,'2021/12/29,'2021/12/21,OUT,ACE MANUFACTURING SYSTEMS LIMITED,10 - Machine tool,,ALS-065-G-20B-35B,15,INR,1828,1302,2202,MPIN,OUT,,
MPIN,2,'2021/12/29,'2022/01/28,IN,MIKI PULLEY (TIANJIN) CO. LTD.,98 - Miki Group Company,,CLAMPING HUB A SFC-010DA2-PILOT BORE DIA 2 (JINDAL),1500,INR,49.5,46.41,2301,MPIN,OUT,,
MPIN,2,'2021/12/29,'2022/01/28,IN,MIKI PULLEY (TIANJIN) CO. LTD.,98 - Miki Group Company,,CLAMPING HUB B SFC-010DA2-BW FINISHED BORE 8mm,1500,INR,66,61.41,2301,MPIN,OUT,,
MPIN,2,'2021/12/29,'2022/01/28,IN,MIKI PULLEY (TIANJIN) CO. LTD.,98 - Miki Group Company,,CLAMPING HUB SFC-020DA2-BW FINISHED BORE 7mm,1000,INR,60.75,55.8,2301,MPIN,OUT,,
MPIN,2,'2021/12/29,'2022/01/28,IN,MIKI PULLEY (TIANJIN) CO. LTD.,98 - Miki Group Company,,CLAMPING HUB SFC-020DA2-BW FINISHED BORE 8mm,1000,INR,60.75,55.8,2301,MPIN,OUT,,
MPIN,2,'2021/12/29,'2022/01/28,IN,MIKI PULLEY (TIANJIN) CO. LTD.,98 - Miki Group Company,,CLAMPING HUB A SFC-030DA2-BW PILOT BORE DIA 4 (JINDAL),1000,INR,61.5,53.48,2301,MPIN,OUT,,
MPIN,2,'2021/12/29,'2022/01/28,IN,MIKI PULLEY (TIANJIN) CO. LTD.,98 - Miki Group Company,,CLAMPING HUB A SFC-030DA2-BW FINISHED BORE 10mm,1000,INR,75.75,66.48,2301,MPIN,OUT,,
MPIN,2,'2021/12/29,'2022/01/28,IN,MIKI PULLEY (TIANJIN) CO. LTD.,98 - Miki Group Company,,CLAMPING HUB B SFC-030DA2-BW FINISHED BORE 14mm,1000,INR,75.75,76.92,2301,MPIN,OUT,,
MPIN,2,'2021/12/29,'2022/01/28,IN,MIKI PULLEY (TIANJIN) CO. LTD.,98 - Miki Group Company,,CLAMPING HUB A SFC-040DA2-BW PILOT BORE DIA 6 (JINDAL),3000,INR,86.25,78.55,2301,MPIN,OUT,,
MPIN,2,'2021/12/29,'2022/01/28,IN,MIKI PULLEY (TIANJIN) CO. LTD.,98 - Miki Group Company,,CLAMPING HUB B SFC-040DA2-BW PILOT BORE DIA 13(JINDAL),3000,INR,86.25,90.75,2301,MPIN,OUT,,
MPIN,2,'2021/12/29,'2022/01/28,IN,MIKI PULLEY (TIANJIN) CO. LTD.,98 - Miki Group Company,,CLAMPING HUB A SFC-040DA2-BW FINISHED BORE 12mm,1000,INR,96.75,88.55,2301,MPIN,OUT,,
MPIN,2,'2021/12/29,'2022/01/28,IN,MIKI PULLEY (TIANJIN) CO. LTD.,98 - Miki Group Company,,CLAMPING HUB A SFC-040DA2-BW FINISHED BORE 14mm,1000,INR,96.75,88.55,2301,MPIN,OUT,,
MPIN,2,'2021/12/29,'2022/01/28,IN,MIKI PULLEY (TIANJIN) CO. LTD.,98 - Miki Group Company,,CLAMPING HUB B SFC-040DA2-BW FINISHED BORE 19MM,1000,INR,96.75,101.01,2301,MPIN,OUT,,
MPIN,2,'2021/12/29,'2022/01/28,IN,MIKI PULLEY (TIANJIN) CO. LTD.,98 - Miki Group Company,,CLAMPING HUB B SFC-040DA2-BW FINISHED BORE 16mm,1000,INR,96.75,101.01,2301,MPIN,OUT,,
MPIN,2,'2021/12/29,'2022/01/28,IN,MIKI PULLEY (TIANJIN) CO. LTD.,98 - Miki Group Company,,CLAMPING HUB A SFC-050DA2-BW PILOT BORE DIA 6 (JINDAL),500,INR,133.5,149.49,2301,MPIN,OUT,,
MPIN,2,'2021/12/29,'2022/01/28,IN,MIKI PULLEY (TIANJIN) CO. LTD.,98 - Miki Group Company,,CLAMPING HUB B SFC-050DA2-BW PILOT BORE DIA 17 (JINDAL),300,INR,133.5,119.01,2301,MPIN,OUT,,
MPIN,2,'2021/12/29,'2021/12/25,OUT,SVP TECHNO ENGINEERS PVT. LTD.,80 - Trading Company,,SFF-120DS-40K-50K-600N,5,INR,15903,9463,2302,MPJP,IN,,13 - Factory Automation
MPIN,2,'2021/12/29,'2021/12/25,OUT,SVP TECHNO ENGINEERS PVT. LTD.,80 - Trading Company,,SFF-140DS-50K-75K-1000N,2,INR,19978,12337,2302,MPJP,IN,,13 - Factory Automation
MPIN,2,'2021/12/29,'2021/12/31,OUT,ALLENGERS MEDICAL SYSTEMS LIMITED,14 - Medical instrument,,546-23-34-NF 24V40 DIN,30,INR,44752,38000,1501,MMB,OUT,,
MPIN,2,'2021/12/29,'2021/11/30,OUT,R K INDUSTRIAL AUTOMATION PRODUCTS,80 - Trading Company,,TT-2X-01-20H-18H-10NM,5,INR,13849.36,10837.6,3105,MPJP,IN,,13 - Factory Automation
MPIN,2,'2021/12/29,'2021/12/11,OUT,R K INDUSTRIAL AUTOMATION PRODUCTS,80 - Trading Company,,TT-2X-01-20H-18H-10NM,10,INR,13849.36,10837.6,3105,MPJP,IN,,13 - Factory Automation
MPIN,2,'2021/12/29,'2021/10/30,OUT,HELIX OIL AND GAS EQUIPMENT TRADING LLC,80 - Trading Company,,ALS-080-B-EL-P (40),10,INR,9,396,2202,MPJP,IN,,
MPIN,2,'2021/12/29,'2022/03/15,OUT,ACE MANUFACTURING SYSTEMS LIMITED,10 - Machine tool,,SFC-060DA2-20B-24B-A,900,INR,2090,1101.69,2301,MPIN,OUT,,
MPIN,2,'2021/12/29,'2022/03/15,OUT,ACE MANUFACTURING SYSTEMS LIMITED,10 - Machine tool,,SFC-060DA2-20B-35B-B,500,INR,2090,1101.69,2301,MPIN,OUT,,
MPIN,2,'2021/12/29,'2022/03/15,OUT,ACE MANUFACTURING SYSTEMS LIMITED,10 - Machine tool,,SFC-050DA2-20B-16BC-C,60,INR,2050,1288.71,2301,MPIN,OUT,,
MPIN,2,'2021/12/29,'2022/03/15,OUT,ACE MANUFACTURING SYSTEMS LIMITED,10 - Machine tool,,SFC-090DA2-28B-35B,72,INR,4115,2849.16,2301,MPIN,OUT,,
MPIN,2,'2021/12/29,'2022/03/15,OUT,ACE MANUFACTURING SYSTEMS LIMITED,10 - Machine tool,,SFC-060DA2-28B-35B-C,60,INR,2090,1101.69,2301,MPIN,OUT,,
MPIN,2,'2021/12/29,'2022/03/15,OUT,ACE MANUFACTURING SYSTEMS LIMITED,10 - Machine tool,,SFC-090DA2-30B-35B,30,INR,4400,2849.16,2301,MPIN,OUT,,
MPIN,2,'2021/12/29,'2021/12/31,OUT,SHREE MARKETING,80 - Trading Company,,SFM-100SS-38KK-55KK-G2.5/20000,1,INR,20475,14333,2302,MPJP,IN,,10 - Machine tool
MPIN,2,'2021/12/29,'2022/01/10,OUT,NUTRON SYSTEMS PVT. LTD.,80 - Trading Company,,101-20-15G- 24V R40JIS A40JIS,2,INR,34842,24246.9,1301,MPJP,IN,,13 - Factory Automation
MPIN,2,'2021/12/29,'2022/01/10,OUT,NUTRON SYSTEMS PVT. LTD.,80 - Trading Company,,111-20-11G 24V 50JIS,2,INR,26272,13746.54,1301,MPJP,IN,,13 - Factory Automation
MPIN,2,'2021/12/29,'2022/01/10,OUT,NUTRON SYSTEMS PVT. LTD.,80 - Trading Company,,CS-25-A-17,2,INR,110725,73097,1301,MPJP,IN,,13 - Factory Automation
MPIN,2,'2021/12/29,'2022/01/20,OUT,TECHTRONICS AUTOMATION-,80 - Trading Company,,SFF-090SS-24B-42B-250N,1,INR,10003,5952,2302,MPJP,IN,,13 - Factory Automation
MPIN,2,'2021/12/29,'2022/01/15,OUT,ELECTUS SYSTEMS,80 - Trading Company,,SFF-080DS-30K-32K-200N,2,INR,11952,7530,2302,MPJP,IN,,13 - Factory Automation
MPIN,2,'2021/12/29,'2021/12/04,OUT,KENNAMETAL INDIA LIMITED,10 - Machine tool,,SFF-080DS-25BK-35BS-200N,2,INR,11640,7530,2302,MPJP,IN,,
MPIN,2,'2021/12/29,'2022/01/07,OUT,SHIBAM HYDRAULICS & PNEUMATICS,13 - Factory Automation,,112-05-12 24V 10 DIN,9,INR,4562,2409.9,1201,MPJP,IN,,
MPIN,2,'2021/12/29,'2021/12/03,OUT,KENNAMETAL INDIA LIMITED,10 - Machine tool,,SFF-090DS-32BJ-35BK-300N,1,INR,13096,8946,2302,MPJP,IN,,
MPIN,2,'2021/12/29,'2021/12/03,OUT,KENNAMETAL INDIA LIMITED,10 - Machine tool,,SFF-080DS-25BK-32BK-200N,1,INR,11640,7744,2302,MPJP,IN,,
MPIN,2,'2021/12/29,'2022/01/14,OUT,SDPC International General Tra. LLC,9900-Unknown,,102-04-13 24V 10DIN,40,INR,38,1958,1101,MPJP,IN,,
MPIN,2,'2021/12/29,'2021/12/31,OUT,TECHTRONICS AUTOMATION-,80 - Trading Company,,SFS-05S-12H-16H,2,INR,6739,4246,2302,MPJP,IN,,13 - Factory Automation
MPIN,2,'2021/12/29,'2022/01/29,OUT,SVP TECHNO ENGINEERS PVT. LTD.,80 - Trading Company,,SFF-120DS-40K-50K-600N,2,INR,15903,9463,2302,MPJP,IN,,13 - Factory Automation
MPIN,2,'2021/12/29,'2022/01/15,OUT,IMA-PG INDIA PRIVATE LIMITED,19 - Packaging machinery,,PSL-K-30,19,INR,1852,1290,2602,MPTJ,OUT,,
MPIN,2,'2021/12/29,'2022/01/15,OUT,IMA-PG INDIA PRIVATE LIMITED,19 - Packaging machinery,,ALS-055-R-19B-22B,5,INR,1540,876,2202,MPIN,OUT,,
MPIN,2,'2021/12/29,'2022/01/15,OUT,IMA-PG INDIA PRIVATE LIMITED,19 - Packaging machinery,,PSL-K-8,3,INR,842,866.4,2602,MPTJ,OUT,,
MPIN,2,'2021/12/29,'2022/01/15,OUT,IMA-PG INDIA PRIVATE LIMITED,19 - Packaging machinery,,ALS-080-R-32B-32B,4,INR,3855,2189,2202,MPIN,OUT,,
MPIN,2,'2021/12/29,'2022/01/15,OUT,IMA-PG INDIA PRIVATE LIMITED,19 - Packaging machinery,,ALS-040-R-15B-19B,1,INR,904,555,2202,MPIN,OUT,,
MPIN,2,'2021/12/29,'2021/11/12,OUT,PHEONIX ENGINEERING,80 - Trading Company,,PSL-G-40,8,INR,1538,937,2602,MPTJ,OUT,,13 - Factory Automation
MPIN,2,'2021/12/29,'2021/11/15,OUT,R K INDUSTRIAL AUTOMATION PRODUCTS,80 - Trading Company,,PSL-G-55,1,INR,2010,1213,2602,MPTJ,OUT,,13 - Factory Automation
MPIN,2,'2021/12/29,'2022/01/13,OUT,PHEONIX ENGINEERING,80 - Trading Company,,SFC-050SA2-18BJ-24B,100,INR,2940,2394,2301,MPJP,IN,,13 - Factory Automation
MPIN,2,'2021/12/29,'2022/01/13,OUT,PHEONIX ENGINEERING,80 - Trading Company,,SFS-08S-22M-16C,100,INR,5424,4898.1,2302,MPJP,IN,,13 - Factory Automation
MPIN,2,'2021/12/29,'2021/11/19,OUT,SHREE MARKETING,80 - Trading Company,,ALS-095-R-25B-32B,7,INR,5780,5328,2202,MPIN,OUT,,13 - Factory Automation
MPIN,2,'2021/12/29,'2021/11/15,OUT,GOLDEN BEARING COMPANY,80 - Trading Company,,SFS-06S-Pilot Bore,2,INR,3596,2158,2302,MPJP,IN,,
MPIN,2,'2021/12/29,'2022/01/15,OUT,SHREE MARKETING,80 - Trading Company,,TT-3-01-25H-25H-40NM,2,INR,14258,9980.4,3105,MPJP,IN,,13 - Factory Automation
MPIN,2,'2021/12/29,'2021/12/18,OUT,Gleason Works (India) Private Limited,10 - Machine tool,,HW6/24/R/19/24/L78/A,1,INR,7307,5853.52,9909,MPIN,OUT,,
MPIN,2,'2021/12/29,'2021/12/18,OUT,Gleason Works (India) Private Limited,10 - Machine tool,,HW6/24/R/24/24/L78/A (49940600904),1,INR,7307,5853.52,9909,MPIN,OUT,,
MPIN,2,'2021/12/29,'2021/12/18,OUT,Gleason Works (India) Private Limited,10 - Machine tool,,HW6/28/R/25/25/L90/S,1,INR,10082,7578.77,9909,MPIN,OUT,,
MPIN,2,'2021/12/29,'2021/12/18,OUT,Gleason Works (India) Private Limited,10 - Machine tool,,HW6/24/R/19/24/L78/A,1,INR,7307,5853.52,9909,MPIN,OUT,,
MPIN,2,'2021/12/29,'2021/12/18,OUT,Gleason Works (India) Private Limited,10 - Machine tool,,HW6/24/R/24/24/L78/A (49940600904),1,INR,7307,5853.52,9909,MPIN,OUT,,
MPIN,2,'2021/12/29,'2021/12/18,OUT,Gleason Works (India) Private Limited,10 - Machine tool,,HW6/28/R/25/25/L90/S,1,INR,10082,7578.77,9909,MPIN,OUT,,
MPIN,2,'2021/12/29,'2021/12/18,OUT,Gleason Works (India) Private Limited,10 - Machine tool,,HW6/24/R/19/24/L78/A,1,INR,7307,5853.52,9909,MPIN,OUT,,
MPIN,2,'2021/12/29,'2021/12/18,OUT,Gleason Works (India) Private Limited,10 - Machine tool,,HW6/24/R/24/24/L78/A (49940600904),1,INR,7307,5853.52,9909,MPIN,OUT,,
MPIN,2,'2021/12/29,'2021/12/18,OUT,Gleason Works (India) Private Limited,10 - Machine tool,,HW6/28/R/25/25/L90/S,1,INR,10082,7578.77,9909,MPIN,OUT,,
MPIN,2,'2021/12/29,'2021/12/18,OUT,Gleason Works (India) Private Limited,10 - Machine tool,,HW6/24/R/19/24/L78/A,1,INR,7307,5853.52,9909,MPIN,OUT,,
MPIN,2,'2021/12/29,'2021/12/18,OUT,Gleason Works (India) Private Limited,10 - Machine tool,,HW6/24/R/24/24/L78/A (49940600904),1,INR,7307,5853.52,9909,MPIN,OUT,,
MPIN,2,'2021/12/29,'2021/12/18,OUT,Gleason Works (India) Private Limited,10 - Machine tool,,HW6/28/R/25/25/L90/S,1,INR,10082,7578.77,9909,MPIN,OUT,,
MPIN,2,'2021/12/29,'2021/12/18,OUT,Gleason Works (India) Private Limited,10 - Machine tool,,HW6/24/R/19/24/L78/A,1,INR,7307,5853.52,9909,MPIN,OUT,,
MPIN,2,'2021/12/29,'2021/12/18,OUT,Gleason Works (India) Private Limited,10 - Machine tool,,HW6/24/R/24/24/L78/A (49940600904),1,INR,7307,5853.52,9909,MPIN,OUT,,
MPIN,2,'2021/12/29,'2021/12/18,OUT,Gleason Works (India) Private Limited,10 - Machine tool,,HW6/28/R/25/25/L90/S,1,INR,10082,7578.77,9909,MPIN,OUT,,
MPIN,2,'2021/12/29,'2021/12/18,OUT,Gleason Works (India) Private Limited,10 - Machine tool,,HW6/24/R/19/24/L78/A,1,INR,7307,5853.52,9909,MPIN,OUT,,
MPIN,2,'2021/12/29,'2021/12/18,OUT,Gleason Works (India) Private Limited,10 - Machine tool,,HW6/24/R/24/24/L78/A (49940600904),1,INR,7307,5853.52,9909,MPIN,OUT,,
MPIN,2,'2021/12/29,'2021/12/18,OUT,Gleason Works (India) Private Limited,10 - Machine tool,,HW6/28/R/25/25/L90/S,1,INR,10082,7578.77,9909,MPIN,OUT,,
MPIN,2,'2021/12/29,'2021/12/18,OUT,Gleason Works (India) Private Limited,10 - Machine tool,,HW6/24/R/19/24/L78/A,1,INR,7307,5853.52,9909,MPIN,OUT,,
MPIN,2,'2021/12/29,'2021/12/18,OUT,Gleason Works (India) Private Limited,10 - Machine tool,,HW6/24/R/24/24/L78/A (49940600904),1,INR,7307,5853.52,9909,MPIN,OUT,,
MPIN,2,'2021/12/29,'2021/12/18,OUT,Gleason Works (India) Private Limited,10 - Machine tool,,HW6/28/R/25/25/L90/S,1,INR,10082,7578.77,9909,MPIN,OUT,,
MPIN,2,'2021/12/29,'2021/12/18,OUT,Gleason Works (India) Private Limited,10 - Machine tool,,HW6/24/R/19/24/L78/A,1,INR,7307,5853.52,9909,MPIN,OUT,,
MPIN,2,'2021/12/29,'2021/12/18,OUT,Gleason Works (India) Private Limited,10 - Machine tool,,HW6/24/R/24/24/L78/A (49940600904),1,INR,7307,5853.52,9909,MPIN,OUT,,
MPIN,2,'2021/12/29,'2021/12/18,OUT,Gleason Works (India) Private Limited,10 - Machine tool,,HW6/28/R/25/25/L90/S,1,INR,10082,7578.77,9909,MPIN,OUT,,
MPIN,2,'2021/12/29,'2021/12/18,OUT,Gleason Works (India) Private Limited,10 - Machine tool,,HW6/24/R/19/24/L78/A,1,INR,7307,5853.52,9909,MPIN,OUT,,
MPIN,2,'2021/12/29,'2021/12/18,OUT,Gleason Works (India) Private Limited,10 - Machine tool,,HW6/24/R/24/24/L78/A (49940600904),1,INR,7307,5853.52,9909,MPIN,OUT,,
MPIN,2,'2021/12/29,'2021/12/18,OUT,Gleason Works (India) Private Limited,10 - Machine tool,,HW6/28/R/25/25/L90/S,1,INR,10082,7578.77,9909,MPIN,OUT,,
MPIN,2,'2021/12/29,'2021/12/18,OUT,Gleason Works (India) Private Limited,10 - Machine tool,,HW6/24/R/19/24/L78/A,1,INR,7307,5853.52,9909,MPIN,OUT,,
MPIN,2,'2021/12/29,'2021/12/18,OUT,Gleason Works (India) Private Limited,10 - Machine tool,,HW6/24/R/24/24/L78/A (49940600904),1,INR,7307,5853.52,9909,MPIN,OUT,,
MPIN,2,'2021/12/29,'2021/12/18,OUT,Gleason Works (India) Private Limited,10 - Machine tool,,HW6/28/R/25/25/L90/S,1,INR,10082,7578.77,9909,MPIN,OUT,,
MPIN,2,'2021/12/29,'2021/12/18,OUT,Gleason Works (India) Private Limited,10 - Machine tool,,HW6/24/R/19/24/L78/A,1,INR,7307,5853.52,9909,MPIN,OUT,,
MPIN,2,'2021/12/29,'2021/12/18,OUT,Gleason Works (India) Private Limited,10 - Machine tool,,HW6/24/R/24/24/L78/A (49940600904),1,INR,7307,5853.52,9909,MPIN,OUT,,
MPIN,2,'2021/12/29,'2021/12/18,OUT,Gleason Works (India) Private Limited,10 - Machine tool,,HW6/28/R/25/25/L90/S,1,INR,10082,7578.77,9909,MPIN,OUT,,
MPIN,2,'2021/12/29,'2022/01/17,OUT,TATA ADVANCED SYSTEMS LIMITED,10 - Machine tool,,SFH-170S (Pilot Bore),25,INR,30192,14951,2302,MPJP,IN,,
MPIN,2,'2021/12/29,'2022/01/20,OUT,VENTURE AUTOMATION,80 - Trading Company,,SFC-055SA2-22B-22B,4,INR,5254,2370,2301,MPJP,IN,,13 - Factory Automation
MPIN,2,'2021/12/29,'2022/01/20,OUT,NUTRON SYSTEMS PVT. LTD.,80 - Trading Company,,101-20-13G-24V-55DIN,3,INR,39977,27983.7,1301,MPJP,IN,,19 - Packaging machinery
MPIN,2,'2021/12/29,'2021/11/20,OUT,HMT MACHINE TOOLS LIMITED-AJMER,10 - Machine tool,,SFC-050DA2-14B-15B-A,1,INR,2702,645.71,2301,MPIN,OUT,,
MPIN,2,'2021/12/29,'2021/11/20,OUT,HMT MACHINE TOOLS LIMITED-AJMER,10 - Machine tool,,SFC-080DA2-25B-35B,1,INR,5212,1819.65,2301,MPIN,OUT,,
MPIN,2,'2021/12/29,'2021/11/20,OUT,HMT MACHINE TOOLS LIMITED-AJMER,10 - Machine tool,,SFC-050DA2-10B-14B-A,1,INR,2702,645.71,2301,MPIN,OUT,,
MPIN,2,'2021/12/29,'2022/01/16,OUT,VENTURE AUTOMATION,80 - Trading Company,,CSZ-05-35,1,INR,10262,7304.8,1301,MPJP,IN,,13 - Factory Automation
MPIN,2,'2021/12/29,'2021/12/31,OUT,KENNAMETAL INDIA LIMITED,10 - Machine tool,,SFF-080DS-25BK-32BK-200N,1,INR,11640,7744,2302,MPJP,IN,,
MPIN,2,'2021/12/29,'2021/12/31,OUT,KENNAMETAL INDIA LIMITED,10 - Machine tool,,SFF-080DS-25BK-38BK-200N,1,INR,11640,7383.6,2302,MPJP,IN,,
MPIN,2,'2021/12/29,'2021/11/20,OUT,PREKSHA PRECISION,80 - Trading Company,,PSL-K-35,18,INR,1774,1505,2602,MPTJ,OUT,,13 - Factory Automation
MPIN,2,'2021/12/29,'2021/12/30,OUT,SRI DURGA SALES CORPORATION,80 - Trading Company,,SFC-005DA2-3B-6B,1,INR,2123,1969,2301,MPJP,IN,,13 - Factory Automation
MPIN,2,'2021/12/29,'2022/01/31,OUT,TECHTRONICS AUTOMATION-,80 - Trading Company,,SFF-080DS-32B-35B-200N,23,INR,10020.6,7384,2302,MPJP,IN,,13 - Factory Automation
MPIN,2,'2021/12/29,'2022/01/31,OUT,TECHTRONICS AUTOMATION-,80 - Trading Company,,SFF-080DS-30B-32B-200N,10,INR,10020.6,8822,2302,MPJP,IN,,13 - Factory Automation
MPIN,2,'2021/12/29,'2021/11/30,OUT,SHREE MARKETING,80 - Trading Company,,ALS-095-R-32B-50B,2,INR,5780,5328,2202,MPIN,OUT,,13 - Factory Automation
MPIN,2,'2021/12/29,'2022/06/30,OUT,Universal Tube & Plastic Industries Ltd.,13 - Factory Automation,,126-16-4B-3.7KW-IE3-380/50,2,INR,245400,152826,1302,MPJP,IN,,
MPIN,2,'2021/12/29,'2022/06/30,OUT,Universal Tube & Plastic Industries Ltd.,13 - Factory Automation,,126-16-4B-2.2KW-IE3-380/50,2,INR,238650,130680,1302,MPJP,IN,,
MPIN,2,'2021/12/29,'2021/12/31,OUT,TECHTRONICS AUTOMATION-,80 - Trading Company,,PSL-G-55,2,INR,2010,1213,2602,MPTJ,OUT,,13 - Factory Automation
MPIN,2,'2021/12/29,'2021/12/31,OUT,TECHTRONICS AUTOMATION-,80 - Trading Company,,PSL-G-40,1,INR,1538,937,2602,MPTJ,OUT,,13 - Factory Automation
MPIN,2,'2021/12/29,'2022/01/31,OUT,BRIGHT INDIA ENTERPRISES,13 - Factory Automation,,SFC-050SA2-10B-14BH,1,INR,5172,2447,2301,MPJP,IN,,
MPIN,2,'2021/12/29,'2022/01/31,OUT,BRIGHT INDIA ENTERPRISES,13 - Factory Automation,,SFC-050SA2-14B-14BH,1,INR,5172,2447,2301,MPJP,IN,,
MPIN,2,'2021/12/29,'2021/11/30,OUT,NUTRON SYSTEMS PVT. LTD.,80 - Trading Company,,SFC-055SA2-15B-19B,1,INR,3952,2370,2301,MPJP,IN,,13 - Factory Automation
MPIN,2,'2021/12/29,'2021/11/29,OUT,REFLEX TECHNOLOGIES PVT LTD,13 - Factory Automation,,ALS-040-R-CLAMP TYPE,1,INR,904,500,2202,MPIN,OUT,,
MPIN,2,'2021/12/29,'2022/03/05,OUT,PsamirCo Trading Pvt Ltd,80 - Trading Company,,MM-16K T82,2,INR,10902,8123.6,2502,MPJP,IN,,13 - Factory Automation
MPIN,2,'2021/12/29,'2021/12/04,OUT,PHEONIX ENGINEERING,80 - Trading Company,,PSL-G-55,35,INR,1802,1213,2602,MPTJ,OUT,,13 - Factory Automation
MPIN,2,'2021/12/29,'2021/12/08,OUT,VENTURE AUTOMATION,80 - Trading Company,,SFC-040DA2-8B-8B-A,2,INR,1692,447.41,2301,MPIN,OUT,,13 - Factory Automation
MPIN,2,'2021/12/29,'2022/02/03,OUT,NLMK INDIA SERVICE CENTER PVT LTD,90 - Other machinery,,MM-35K-Pilot bore,2,INR,31792,12809,2502,MPJP,IN,,
MPIN,2,'2021/12/29,'2022/02/03,OUT,NLMK INDIA SERVICE CENTER PVT LTD,90 - Other machinery,,MM-20K (Pilot bore),4,INR,10472,4449.24,1503,MPJP,IN,,
MPIN,2,'2021/12/29,'2021/12/31,OUT,GLOBAL AUTOMATION SYSTEM,19 - Packaging machinery,,SFS-12W-40H-45H,1,INR,22400,12643,2302,MPJP,IN,,
MPIN,2,'2021/12/29,'2022/01/15,OUT,IMA-PG INDIA PRIVATE LIMITED,19 - Packaging machinery,,PSL-K-30,3,INR,1852,1290,2602,MPTJ,OUT,,
MPIN,2,'2021/12/29,'2022/01/15,OUT,IMA-PG INDIA PRIVATE LIMITED,19 - Packaging machinery,,ALS-055-R-19B-22B,5,INR,1540,876,2202,MPIN,OUT,,
MPIN,2,'2021/12/29,'2022/01/15,OUT,IMA-PG INDIA PRIVATE LIMITED,19 - Packaging machinery,,ALS-040-R-15B-15B,1,INR,904,555,2202,MPIN,OUT,,
MPIN,2,'2021/12/29,'2022/01/15,OUT,IMA-PG INDIA PRIVATE LIMITED,19 - Packaging machinery,,ALS-040-R-15B-19B,3,INR,904,555,2202,MPIN,OUT,,
MPIN,2,'2021/12/29,'2022/01/25,IN,MIKI PULLEY (TIANJIN) CO. LTD.,98 - Miki Group Company,,CLAMPING HUB SFC-035DA2-BW PILOT BORE DIA 4 (JINDAL),2000,INR,84.75,77.76,2301,MPIN,OUT,,
MPIN,2,'2021/12/29,'2022/02/28,IN,MIKI PULLEY (TIANJIN) CO. LTD.,98 - Miki Group Company,,CLAMPING HUB A SFC-030DA2-BW PILOT BORE DIA 4 (JINDAL),3000,INR,61.5,53.48,2301,MPIN,OUT,,
MPIN,2,'2021/12/29,'2022/02/28,IN,MIKI PULLEY (TIANJIN) CO. LTD.,98 - Miki Group Company,,CLAMPING HUB B SFC-030DA2-BW PILOT BORE DIA 8 (JINDAL),3000,INR,61.5,63.92,2301,MPIN,OUT,,
MPIN,2,'2021/12/29,'2022/02/28,IN,MIKI PULLEY (TIANJIN) CO. LTD.,98 - Miki Group Company,,CLAMPING HUB A SFC-040DA2-BW PILOT BORE DIA 6 (JINDAL),3000,INR,86.25,78.55,2301,MPIN,OUT,,
MPIN,2,'2021/12/29,'2022/02/28,IN,MIKI PULLEY (TIANJIN) CO. LTD.,98 - Miki Group Company,,CLAMPING HUB B SFC-040DA2-BW PILOT BORE DIA 13(JINDAL),2000,INR,86.25,90.75,2301,MPIN,OUT,,
MPIN,2,'2021/12/29,'2022/02/28,IN,MIKI PULLEY (TIANJIN) CO. LTD.,98 - Miki Group Company,,CLAMPING HUB A SFC-050DA2-BW PILOT BORE DIA 6 (JINDAL),3000,INR,133.5,149.49,2301,MPIN,OUT,,
MPIN,2,'2021/12/29,'2022/02/28,IN,MIKI PULLEY (TIANJIN) CO. LTD.,98 - Miki Group Company,,CLAMPING HUB B SFC-050DA2-BW PILOT BORE DIA 17 (JINDAL),3000,INR,133.5,119.01,2301,MPIN,OUT,,
MPIN,2,'2021/12/29,'2022/02/28,IN,MIKI PULLEY (TIANJIN) CO. LTD.,98 - Miki Group Company,,CLAMPING HUB SFC-035DA2-BW PILOT BORE DIA 4 (JINDAL),2000,INR,84.75,77.76,2301,MPIN,OUT,,
MPIN,2,'2021/12/29,'2022/01/17,IN,MIKI PULLEY (TIANJIN) CO. LTD.,98 - Miki Group Company,,CLAMPING HUB B SFC-020DA2-PILOT BORE DIA 3 (JINDAL),2000,INR,47.25,42.8,2301,MPIN,OUT,,
MPIN,2,'2021/12/29,'2022/02/28,IN,MIKI PULLEY (TIANJIN) CO. LTD.,98 - Miki Group Company,,CLAMPING HUB B SFC-020DA2-PILOT BORE DIA 3 (JINDAL),3000,INR,47.25,42.8,2301,MPIN,OUT,,
MPIN,2,'2021/12/29,'2022/03/28,IN,MIKI PULLEY (TIANJIN) CO. LTD.,98 - Miki Group Company,,CLAMPING HUB SFC-035DA2-BW PILOT BORE DIA 4 (JINDAL),1000,INR,84.75,77.76,2301,MPIN,OUT,,
MPIN,2,'2021/12/29,'2022/02/28,IN,MIKI PULLEY (TIANJIN) CO. LTD.,98 - Miki Group Company,,CLAMPING HUB SFC-020DA2-BW FINISHED BORE 7mm,1000,INR,60.75,55.8,2301,MPIN,OUT,,
MPIN,2,'2021/12/29,'2022/03/28,IN,MIKI PULLEY (TIANJIN) CO. LTD.,98 - Miki Group Company,,CLAMPING HUB SFC-020DA2-BW FINISHED BORE 8mm,1000,INR,60.75,55.8,2301,MPIN,OUT,,
MPIN,2,'2021/12/29,'2022/03/28,IN,MIKI PULLEY (TIANJIN) CO. LTD.,98 - Miki Group Company,,CLAMPING HUB A SFC-030DA2-BW PILOT BORE DIA 4 (JINDAL),2000,INR,61.5,53.48,2301,MPIN,OUT,,
MPIN,2,'2021/12/29,'2022/03/28,IN,MIKI PULLEY (TIANJIN) CO. LTD.,98 - Miki Group Company,,CLAMPING HUB B SFC-030DA2-BW PILOT BORE DIA 8 (JINDAL),2000,INR,61.5,63.92,2301,MPIN,OUT,,
MPIN,2,'2021/12/29,'2022/03/28,IN,MIKI PULLEY (TIANJIN) CO. LTD.,98 - Miki Group Company,,CLAMPING HUB A SFC-030DA2-BW FINISHED BORE 10mm,1000,INR,75.75,66.48,2301,MPIN,OUT,,
MPIN,2,'2021/12/29,'2022/03/28,IN,MIKI PULLEY (TIANJIN) CO. LTD.,98 - Miki Group Company,,CLAMPING HUB B SFC-030DA2-BW FINISHED BORE 14mm,1000,INR,75.75,76.92,2301,MPIN,OUT,,
MPIN,2,'2021/12/29,'2022/03/28,IN,MIKI PULLEY (TIANJIN) CO. LTD.,98 - Miki Group Company,,CLAMPING HUB A SFC-040DA2-BW PILOT BORE DIA 6 (JINDAL),3000,INR,86.25,78.55,2301,MPIN,OUT,,
MPIN,2,'2021/12/29,'2022/03/28,IN,MIKI PULLEY (TIANJIN) CO. LTD.,98 - Miki Group Company,,CLAMPING HUB B SFC-040DA2-BW PILOT BORE DIA 13(JINDAL),3000,INR,86.25,90.75,2301,MPIN,OUT,,
MPIN,2,'2021/12/29,'2022/03/28,IN,MIKI PULLEY (TIANJIN) CO. LTD.,98 - Miki Group Company,,CLAMPING HUB A SFC-040DA2-BW FINISHED BORE 12mm,1000,INR,96.75,88.55,2301,MPIN,OUT,,
MPIN,2,'2021/12/29,'2022/03/28,IN,MIKI PULLEY (TIANJIN) CO. LTD.,98 - Miki Group Company,,CLAMPING HUB B SFC-040DA2-BW FINISHED BORE 16mm,1000,INR,96.75,101.01,2301,MPIN,OUT,,
MPIN,2,'2021/12/29,'2022/03/28,IN,MIKI PULLEY (TIANJIN) CO. LTD.,98 - Miki Group Company,,CLAMPING HUB A SFC-050DA2-BW PILOT BORE DIA 6 (JINDAL),2000,INR,133.5,149.49,2301,MPIN,OUT,,
MPIN,2,'2021/12/29,'2022/03/28,IN,MIKI PULLEY (TIANJIN) CO. LTD.,98 - Miki Group Company,,CLAMPING HUB B SFC-050DA2-BW PILOT BORE DIA 17 (JINDAL),3000,INR,133.5,119.01,2301,MPIN,OUT,,
MPIN,2,'2021/12/29,'2022/03/28,IN,MIKI PULLEY (TIANJIN) CO. LTD.,98 - Miki Group Company,,CLAMPING HUB B SFC-020DA2-PILOT BORE DIA 3 (JINDAL),3000,INR,47.25,42.8,2301,MPIN,OUT,,
MPIN,2,'2021/12/29,'2022/02/19,OUT,PRIDE MACHINE TOOLS PVT LTD,10 - Machine tool,,SFC-050DA2-20B-16BC-C,50,INR,3380,1288.71,2301,MPIN,OUT,,
MPIN,2,'2021/12/29,'2022/02/20,OUT,R K INDUSTRIAL AUTOMATION PRODUCTS,80 - Trading Company,,SFH-170S (Pilot Bore),24,INR,28091.7,14951,2302,MPJP,IN,,13 - Factory Automation
MPIN,2,'2021/12/29,'2022/01/18,OUT,ACE DESIGNERS LIMITED,10 - Machine tool,,BXL-16-10N-040-24V-25H8,25,INR,10991,7344,1401,MPTJ,OUT,,
MPIN,2,'2021/12/29,'2022/02/28,OUT,NUTRON SYSTEMS PVT. LTD.,80 - Trading Company,,AL-075 10-14,2,INR,3892,2557.8,2201,MPJP,IN,,13 - Factory Automation
MPIN,2,'2021/12/29,'2022/02/28,OUT,R K INDUSTRIAL AUTOMATION PRODUCTS,80 - Trading Company,,SFF-120SS-45B-45B-600N,4,INR,13762,8256,2302,MPJP,IN,,13 - Factory Automation
MPIN,2,'2021/12/29,'2022/02/28,OUT,ALLENGERS MEDICAL SYSTEMS LIMITED,14 - Medical instrument,,546-23-34-NF 24V40 DIN,82,INR,43632,38000,1501,MMB,OUT,,
MPIN,2,'2021/12/29,'2022/02/28,OUT,SHREE MARKETING,80 - Trading Company,,ZG-14 11-11,4,INR,4512,1718,2502,MPJP,IN,,13 - Factory Automation
MPIN,2,'2021/12/29,'2022/08/10,OUT,Ajmal Steel Tubes & Pipes Ind .,90 - Other machinery,,126-16-4B-2.2KW-IE3-380/50,2,INR,220650,130680,1302,MPJP,IN,,
MPIN,2,'2021/12/29,'2022/08/10,OUT,Ajmal Steel Tubes & Pipes Ind .,90 - Other machinery,,126-16-4B-3.7KW-IE3-380/50,2,INR,258150,152826,1302,MPJP,IN,,
MPIN,2,'2021/12/29,'2022/01/12,OUT,BHARAT FRITZ WERNER LTD,10 - Machine tool,,SFS-090DS-T003 (28K-48K),30,INR,12645,8219.16,2302,MPJP,IN,,
MPIN,2,'2021/12/29,'2021/12/13,OUT,ACE MANUFACTURING SYSTEMS LIMITED,10 - Machine tool,,SFC-090DA2-28B-32B,12,INR,4400,2849.16,2301,MPIN,OUT,,
MPIN,2,'2021/12/29,'2021/12/13,OUT,ACE MANUFACTURING SYSTEMS LIMITED,10 - Machine tool,,SFC-080DA2-20B-32B,8,INR,3625,1819.65,2301,MPIN,OUT,,
MPIN,2,'2021/12/29,'2021/12/31,OUT,ACE MANUFACTURING SYSTEMS LIMITED,10 - Machine tool,,SFC-090DA2-30B-35B,40,INR,4400,2849.16,2301,MPIN,OUT,,
MPIN,2,'2021/12/29,'2022/02/28,OUT,NUTRON SYSTEMS PVT. LTD.,80 - Trading Company,,SFF-120DS-48K-48K-600N,1,INR,15902,10405.2,2302,-,OUT,,13 - Factory Automation
MPIN,2,'2021/12/29,'2022/01/04,OUT,ACE DESIGNERS LIMITED,10 - Machine tool,,PSL-G-50,30,INR,1932,1170,2602,MPTJ,OUT,,
MPIN,2,'2021/12/29,'2021/12/20,IN,MIKI PULLEY TAIWAN CO. LTD.,98 - Miki Group Company,,CLAMPING HUB SFC-035DA2-BW PILOT BORE DIA 4 (JINDAL),200,INR,1.13,77.76,2301,MPIN,OUT,,
MPIN,2,'2021/12/29,'2021/12/20,IN,MIKI PULLEY TAIWAN CO. LTD.,98 - Miki Group Company,,CLAMPING HUB B SFC-080DA2-PILOT BORE DIA 29 (JINDAL),30,INR,5.58,385.25,2301,MPIN,OUT,,
MPIN,2,'2021/12/29,'2022/01/10,OUT,VIHAN ENGINEERING PRIVATE LIMITED,19 - Packaging machinery,,ALS-055-R-18-24,8,INR,1542,857,2202,MPIN,OUT,,
MPIN,2,'2021/12/29,'2022/01/10,OUT,VIHAN ENGINEERING PRIVATE LIMITED,19 - Packaging machinery,,ALS-040-R-10-19,4,INR,842,475,2202,MPIN,OUT,,
MPIN,2,'2021/12/29,'2022/01/18,OUT,OLE AUTOMATION INDIA PRIVATE LIMITED,80 - Trading Company,,102-05-13 24V 15DIN,2,INR,3595,2643.6,1101,MPJP,IN,,13 - Factory Automation
MPIN,2,'2021/12/29,'2022/01/31,OUT,KENNAMETAL INDIA LIMITED,10 - Machine tool,,SFF-070DS-20B-32BK-100N,15,INR,9312,6973.2,2302,MPJP,IN,,
MPIN,2,'2021/12/29,'2022/01/31,OUT,KENNAMETAL INDIA LIMITED,10 - Machine tool,,SFF-070DS-20B-32BK-100N,15,INR,9312,6973.2,2302,MPJP,IN,,
MPIN,2,'2021/12/29,'2022/01/09,OUT,VIHAN ENGINEERING PRIVATE LIMITED,19 - Packaging machinery,,ALS-080-Y-25-30,2,INR,3492,1948,2202,MPIN,OUT,,
MPIN,2,'2021/12/29,'2022/01/09,OUT,VIHAN ENGINEERING PRIVATE LIMITED,19 - Packaging machinery,,ALS-080-Y-25N-30H,2,INR,3642,2189,2202,MPIN,OUT,,
MPIN,2,'2021/12/29,'2022/01/09,OUT,VIHAN ENGINEERING PRIVATE LIMITED,19 - Packaging machinery,,ALS-055-R-18-24,8,INR,1542,857,2202,MPIN,OUT,,
MPIN,2,'2021/12/29,'2022/02/28,OUT,R K INDUSTRIAL AUTOMATION PRODUCTS,80 - Trading Company,,NSS 13.9.14,2,INR,66796.4,67500,2902,MPJP,IN,,13 - Factory Automation
MPIN,2,'2021/12/29,'2021/12/24,OUT,GOLDEN BEARING COMPANY,80 - Trading Company,,SFC-060DA2-11B-11B-C,10,INR,1950,1101.69,2301,MPIN,OUT,,
MPIN,2,'2021/12/29,'2022/01/31,OUT,VENTURE AUTOMATION,80 - Trading Company,,SFF-100DS-40B-48B-450N,1,INR,15500,9042.3,2302,MPJP,IN,,13 - Factory Automation
MPIN,2,'2021/12/29,'2022/02/28,OUT,TECHTRONICS AUTOMATION-,80 - Trading Company,,BXH-12-10G-24V 24DIN,1,INR,7535,6205.2,1401,MPJP,IN,,13 - Factory Automation
MPIN,2,'2021/12/29,'2021/12/18,OUT,SVP TECHNO ENGINEERS PVT. LTD.,80 - Trading Company,,BLS-055-R-CLAMP TYPE,15,INR,901,578,2909,MPIN,OUT,,13 - Factory Automation
MPIN,2,'2021/12/29,'2021/12/18,OUT,SVP TECHNO ENGINEERS PVT. LTD.,80 - Trading Company,,BLS-065-R-CLAMP TYPE,5,INR,1417,900,2909,MPIN,OUT,,13 - Factory Automation
MPIN,2,'2021/12/29,'2021/12/20,OUT,SVP TECHNO ENGINEERS PVT. LTD.,80 - Trading Company,,SFC-050DA2-22B-22B-C,1,INR,1362,645.71,2301,MPIN,OUT,,13 - Factory Automation
MPIN,2,'2021/12/29,'2021/12/18,OUT,SHREE MARKETING,80 - Trading Company,,PSL-K-14,10,INR,898,585,2602,MPTJ,OUT,,13 - Factory Automation
MPIN,2,'2021/12/29,'2021/12/22,OUT,R K INDUSTRIAL AUTOMATION PRODUCTS,80 - Trading Company,,PSL-G-20,160,INR,1013,628,2602,MPTJ,OUT,,13 - Factory Automation
MPIN,2,'2021/12/29,'2021/12/22,OUT,VENTURE AUTOMATION,80 - Trading Company,,SFC-060SA2-24B-25B-C,3,INR,2097,797.77,2301,MPIN,OUT,,13 - Factory Automation
MPIN,2,'2021/12/29,'2021/12/22,OUT,VENTURE AUTOMATION,80 - Trading Company,,SFC-040DA2-13B-24B,2,INR,1692,447.41,2301,MPIN,OUT,,13 - Factory Automation
MPIN,2,'2021/12/29,'2021/12/25,OUT,KENNAMETAL INDIA LIMITED,10 - Machine tool,,SFC-060DA2-20B-24B-A,1,INR,2557.5,1101.69,2301,MPIN,OUT,,
MPIN,2,'2021/12/29,'2022/03/15,OUT,KENNAMETAL INDIA LIMITED,10 - Machine tool,,SFC-060DA2-20B-24B-A,15,INR,2557.5,1101.69,2301,MPIN,OUT,,
MPIN,2,'2021/12/29,'2021/12/21,OUT,KENNAMETAL INDIA LIMITED,10 - Machine tool,,SFC-060DA2-20B-24B-A,15,INR,2557.5,1101.69,2301,MPIN,OUT,,
MPIN,2,'2021/12/29,'2021/12/28,OUT,BATLIBOI LTD,10 - Machine tool,,SFC-060SA2-19B-24B-A,18,INR,2144.04,797.77,2301,MPIN,OUT,,
MPIN,2,'2021/12/29,'2021/12/28,OUT,BATLIBOI LTD,10 - Machine tool,,SFC-080DA2-24B-24B,1,INR,4057.56,1819.65,2301,MPIN,OUT,,
MPIN,2,'2021/12/29,'2021/12/28,OUT,BATLIBOI LTD,10 - Machine tool,,SFC-060SA2-19B-19B-A,10,INR,2144.04,797.77,2301,MPIN,OUT,,
MPIN,2,'2021/12/29,'2021/12/28,OUT,BATLIBOI LTD,10 - Machine tool,,SFC-080SA2-19B-35B,11,INR,2735.64,1226.19,2301,MPIN,OUT,,
MPIN,2,'2021/12/29,'2021/12/28,OUT,BATLIBOI LTD,10 - Machine tool,,SFC-080SA2-24B-24B,6,INR,2735.64,1226.19,2301,MPIN,OUT,,
MPIN,2,'2021/12/29,'2021/12/28,OUT,BATLIBOI LTD,10 - Machine tool,,SFC-060DA2-24B-35B-B,1,INR,2766.24,1101.69,2301,MPIN,OUT,,
MPIN,2,'2021/12/29,'2021/12/28,OUT,BATLIBOI LTD,10 - Machine tool,,SFC-050DA2-14B-14B-A,2,INR,2052.24,645.71,2301,MPIN,OUT,,
MPIN,2,'2021/12/29,'2021/12/25,OUT,GOLDEN BEARING COMPANY,80 - Trading Company,,ALS-055-R-18B-19B,25,INR,1200,876,2202,MPIN,OUT,,
MPIN,2,'2021/12/29,'2021/12/25,OUT,Alex Machine Tools Pvt. Ltd.,10 - Machine tool,,SFC-050SA2-20B-22B-C,2,INR,2051,453.37,2301,MPIN,OUT,,
MPIN,2,'2021/12/29,'2021/12/25,OUT,Alex Machine Tools Pvt. Ltd.,10 - Machine tool,,ALS-065-R-30B-32B,2,INR,2151,1302,2202,MPIN,OUT,,
MPIN,2,'2021/12/29,'2021/12/31,IN,"Miki Pulley (Korea) Co., Ltd",98 - Miki Group Company,,SFC-010DA2-5B-8B,50,INR,4.89,333.51,2301,MPIN,OUT,,
MPIN,2,'2021/12/29,'2021/12/31,IN,"Miki Pulley (Korea) Co., Ltd",98 - Miki Group Company,,SFC-010DA2-6B-8B,50,INR,4.89,333.51,2301,MPIN,OUT,,
MPIN,2,'2021/12/29,'2021/12/31,IN,"Miki Pulley (Korea) Co., Ltd",98 - Miki Group Company,,SFC-010DA2-8B-8B,50,INR,4.89,333.51,2301,MPIN,OUT,,
MPIN,2,'2021/12/29,'2021/12/31,IN,"Miki Pulley (Korea) Co., Ltd",98 - Miki Group Company,,SFC-020DA2-10B-11B,200,INR,4.38,303.28,2301,MPIN,OUT,,
MPIN,2,'2021/12/29,'2021/12/30,IN,"Miki Pulley (Korea) Co., Ltd",98 - Miki Group Company,,SFC-020DA2-5B-6B,200,INR,4.38,303.28,2301,MPIN,OUT,,
MPIN,2,'2021/12/29,'2021/12/30,IN,"Miki Pulley (Korea) Co., Ltd",98 - Miki Group Company,,SFC-020DA2-6.35B-10B,200,INR,4.38,303.28,2301,MPIN,OUT,,
MPIN,2,'2021/12/29,'2021/12/30,IN,"Miki Pulley (Korea) Co., Ltd",98 - Miki Group Company,,SFC-020DA2-6B-6B,200,INR,4.38,303.28,2301,MPIN,OUT,,
MPIN,2,'2021/12/29,'2021/12/30,IN,"Miki Pulley (Korea) Co., Ltd",98 - Miki Group Company,,SFC-020DA2-7B-8B,200,INR,4.38,303.28,2301,MPIN,OUT,,
MPIN,2,'2021/12/29,'2021/12/30,IN,"Miki Pulley (Korea) Co., Ltd",98 - Miki Group Company,,SFC-020DA2-10B-10B,200,INR,4.38,303.28,2301,MPIN,OUT,,
MPIN,2,'2021/12/29,'2021/12/30,IN,"Miki Pulley (Korea) Co., Ltd",98 - Miki Group Company,,SFC-020DA2-6B-8B,200,INR,4.38,303.28,2301,MPIN,OUT,,
MPIN,2,'2021/12/29,'2021/12/30,IN,"Miki Pulley (Korea) Co., Ltd",98 - Miki Group Company,,SFC-020DA2-8B-10B,500,INR,4.38,303.28,2301,MPIN,OUT,,
MPIN,2,'2021/12/29,'2021/12/30,IN,"Miki Pulley (Korea) Co., Ltd",98 - Miki Group Company,,SFC-025DA2-10B-14B,500,INR,4.7,349.76,2301,MPIN,OUT,,
MPIN,2,'2021/12/29,'2021/12/30,IN,"Miki Pulley (Korea) Co., Ltd",98 - Miki Group Company,,SFC-025DA2-6.35B-10B,200,INR,4.7,349.76,2301,MPIN,OUT,,
MPIN,2,'2021/12/29,'2021/12/30,IN,"Miki Pulley (Korea) Co., Ltd",98 - Miki Group Company,,SFC-030DA2-10B-11B-B,500,INR,5.11,350.48,2301,MPIN,OUT,,
MPIN,2,'2021/12/29,'2021/12/30,IN,"Miki Pulley (Korea) Co., Ltd",98 - Miki Group Company,,SFC-030DA2-10B-12B-B,200,INR,5.11,350.48,2301,MPIN,OUT,,
MPIN,2,'2021/12/29,'2021/12/30,IN,"Miki Pulley (Korea) Co., Ltd",98 - Miki Group Company,,SFC-030DA2-10B-14B-B,800,INR,5.11,350.48,2301,MPIN,OUT,,
MPIN,2,'2021/12/29,'2021/12/30,IN,"Miki Pulley (Korea) Co., Ltd",98 - Miki Group Company,,SFC-030DA2-11B-12B,200,INR,5.11,350.48,2301,MPIN,OUT,,
MPIN,2,'2021/12/29,'2021/12/30,IN,"Miki Pulley (Korea) Co., Ltd",98 - Miki Group Company,,SFC-030DA2-6B-11B,200,INR,5.11,350.48,2301,MPIN,OUT,,
MPIN,2,'2021/12/29,'2021/12/30,IN,"Miki Pulley (Korea) Co., Ltd",98 - Miki Group Company,,SFC-030DA2-8B-10B-A,200,INR,5.11,350.48,2301,MPIN,OUT,,
MPIN,2,'2021/12/29,'2021/12/30,IN,"Miki Pulley (Korea) Co., Ltd",98 - Miki Group Company,,SFC-035DA2-10B-10B,200,INR,5.84,427.67,2301,MPIN,OUT,,
MPIN,2,'2021/12/29,'2021/12/30,IN,"Miki Pulley (Korea) Co., Ltd",98 - Miki Group Company,,SFC-035DA2-10B-14B,200,INR,5.84,427.67,2301,MPIN,OUT,,
MPIN,2,'2021/12/29,'2021/12/30,IN,"Miki Pulley (Korea) Co., Ltd",98 - Miki Group Company,,SFC-035DA2-11B-12B,200,INR,5.84,427.67,2301,MPIN,OUT,,
MPIN,2,'2021/12/29,'2021/12/30,IN,"Miki Pulley (Korea) Co., Ltd",98 - Miki Group Company,,SFC-035DA2-12B-14B,500,INR,5.84,427.67,2301,MPIN,OUT,,
MPIN,2,'2021/12/29,'2021/12/30,IN,"Miki Pulley (Korea) Co., Ltd",98 - Miki Group Company,,SFC-040DA2-10B-19B-B,100,INR,6.33,447.41,2301,MPIN,OUT,,
MPIN,2,'2021/12/29,'2021/12/30,IN,"Miki Pulley (Korea) Co., Ltd",98 - Miki Group Company,,SFC-040DA2-12B-14B-A,100,INR,6.33,447.41,2301,MPIN,OUT,,
MPIN,2,'2021/12/29,'2021/12/30,IN,"Miki Pulley (Korea) Co., Ltd",98 - Miki Group Company,,SFC-040DA2-12B-19B-B,500,INR,6.33,447.41,2301,MPIN,OUT,,
MPIN,2,'2021/12/29,'2021/12/30,IN,"Miki Pulley (Korea) Co., Ltd",98 - Miki Group Company,,SFC-040DA2-12B-22B,100,INR,6.33,447.41,2301,MPIN,OUT,,
MPIN,2,'2021/12/29,'2021/12/30,IN,"Miki Pulley (Korea) Co., Ltd",98 - Miki Group Company,,SFC-050DA2-14B-22B-B,100,INR,9.14,645.71,2301,MPIN,OUT,,
MPIN,2,'2021/12/29,'2021/12/30,IN,"Miki Pulley (Korea) Co., Ltd",98 - Miki Group Company,,SFC-020DA2-10B-10B,50,INR,4.38,303.28,2301,MPIN,OUT,,
MPIN,2,'2021/12/29,'2021/12/30,IN,"Miki Pulley (Korea) Co., Ltd",98 - Miki Group Company,,SFC-020DA2-6.35B-8B,100,INR,4.38,303.28,2301,MPIN,OUT,,
MPIN,2,'2021/12/29,'2021/12/30,IN,"Miki Pulley (Korea) Co., Ltd",98 - Miki Group Company,,SFC-020DA2-8B-8B,100,INR,4.38,303.28,2301,MPIN,OUT,,
MPIN,2,'2021/12/29,'2021/12/30,IN,"Miki Pulley (Korea) Co., Ltd",98 - Miki Group Company,,SFC-020DA2-7B-7B,100,INR,4.38,303.28,2301,MPIN,OUT,,
MPIN,2,'2021/12/29,'2021/12/30,IN,"Miki Pulley (Korea) Co., Ltd",98 - Miki Group Company,,SFC-020DA2-7B-8B,100,INR,4.38,303.28,2301,MPIN,OUT,,
MPIN,2,'2021/12/29,'2021/12/30,IN,"Miki Pulley (Korea) Co., Ltd",98 - Miki Group Company,,SFC-025DA2-10B-10B,100,INR,4.7,349.76,2301,MPIN,OUT,,
MPIN,2,'2021/12/29,'2021/12/30,IN,"Miki Pulley (Korea) Co., Ltd",98 - Miki Group Company,,SFC-025DA2-10B-11B,100,INR,4.7,349.76,2301,MPIN,OUT,,
MPIN,2,'2021/12/29,'2021/12/30,IN,"Miki Pulley (Korea) Co., Ltd",98 - Miki Group Company,,SFC-025DA2-9B-11B,100,INR,4.7,349.76,2301,MPIN,OUT,,
MPIN,2,'2021/12/29,'2021/12/30,IN,"Miki Pulley (Korea) Co., Ltd",98 - Miki Group Company,,SFC-025DA2-6B-14B,100,INR,4.7,349.76,2301,MPIN,OUT,,
MPIN,2,'2021/12/29,'2021/12/30,IN,"Miki Pulley (Korea) Co., Ltd",98 - Miki Group Company,,SFC-025DA2-7B-8B,100,INR,4.7,349.76,2301,MPIN,OUT,,
MPIN,2,'2021/12/29,'2021/12/30,IN,"Miki Pulley (Korea) Co., Ltd",98 - Miki Group Company,,SFC-030DA2-11B-12B,50,INR,5.11,350.48,2301,MPIN,OUT,,
MPIN,2,'2021/12/29,'2021/12/30,IN,"Miki Pulley (Korea) Co., Ltd",98 - Miki Group Company,,SFC-030DA2-12B-14B-C,50,INR,5.11,350.48,2301,MPIN,OUT,,
MPIN,2,'2021/12/29,'2021/12/30,IN,"Miki Pulley (Korea) Co., Ltd",98 - Miki Group Company,,SFC-030DA2-12B-16B-B,50,INR,5.11,350.48,2301,MPIN,OUT,,
MPIN,2,'2021/12/29,'2021/12/30,IN,"Miki Pulley (Korea) Co., Ltd",98 - Miki Group Company,,SFC-030DA2-13B-14B-C,50,INR,5.11,350.48,2301,MPIN,OUT,,
MPIN,2,'2021/12/29,'2021/12/30,IN,"Miki Pulley (Korea) Co., Ltd",98 - Miki Group Company,,SFC-030DA2-8B-8B-A,100,INR,5.11,350.48,2301,MPIN,OUT,,
MPIN,2,'2021/12/29,'2021/12/30,IN,"Miki Pulley (Korea) Co., Ltd",98 - Miki Group Company,,SFC-035DA2-10B-12B,50,INR,5.84,427.67,2301,MPIN,OUT,,
MPIN,2,'2021/12/29,'2021/12/30,IN,"Miki Pulley (Korea) Co., Ltd",98 - Miki Group Company,,SFC-035DA2-10B-15B,50,INR,5.84,427.67,2301,MPIN,OUT,,
MPIN,2,'2021/12/29,'2021/12/30,IN,"Miki Pulley (Korea) Co., Ltd",98 - Miki Group Company,,SFC-035DA2-12B-12B,50,INR,5.84,427.67,2301,MPIN,OUT,,
MPIN,2,'2021/12/29,'2021/12/30,IN,"Miki Pulley (Korea) Co., Ltd",98 - Miki Group Company,,SFC-035DA2-12B-16B,50,INR,5.84,427.67,2301,MPIN,OUT,,
MPIN,2,'2021/12/29,'2021/12/30,IN,"Miki Pulley (Korea) Co., Ltd",98 - Miki Group Company,,SFC-040DA2-12B-16B-B,50,INR,6.33,447.41,2301,MPIN,OUT,,
MPIN,2,'2021/12/29,'2021/12/30,IN,"Miki Pulley (Korea) Co., Ltd",98 - Miki Group Company,,SFC-040DA2-14B-15B-A,30,INR,6.33,447.41,2301,MPIN,OUT,,
MPIN,2,'2021/12/29,'2021/12/30,IN,"Miki Pulley (Korea) Co., Ltd",98 - Miki Group Company,,SFC-040DA2-15B-15B-A,30,INR,6.33,447.41,2301,MPIN,OUT,,
MPIN,2,'2021/12/29,'2021/12/30,IN,"Miki Pulley (Korea) Co., Ltd",98 - Miki Group Company,,SFC-040DA2-15B-16B-B,30,INR,6.33,447.41,2301,MPIN,OUT,,
MPIN,2,'2021/12/29,'2021/12/30,IN,"Miki Pulley (Korea) Co., Ltd",98 - Miki Group Company,,SFC-040DA2-15B-19B-B,30,INR,6.33,447.41,2301,MPIN,OUT,,
MPIN,2,'2021/12/29,'2021/12/30,IN,"Miki Pulley (Korea) Co., Ltd",98 - Miki Group Company,,SFC-050DA2-10B-12B,30,INR,9.14,645.71,2301,MPIN,OUT,,
MPIN,2,'2021/12/29,'2021/12/30,IN,"Miki Pulley (Korea) Co., Ltd",98 - Miki Group Company,,SFC-050DA2-12B-16B-A,30,INR,9.14,645.71,2301,MPIN,OUT,,
MPIN,2,'2021/12/29,'2021/12/30,IN,"Miki Pulley (Korea) Co., Ltd",98 - Miki Group Company,,SFC-050DA2-12B-19B-A,30,INR,9.14,645.71,2301,MPIN,OUT,,
MPIN,2,'2021/12/29,'2021/12/30,IN,"Miki Pulley (Korea) Co., Ltd",98 - Miki Group Company,,SFC-050DA2-15B-22B-B,30,INR,9.14,645.71,2301,MPIN,OUT,,
MPIN,2,'2021/12/29,'2021/12/30,IN,"Miki Pulley (Korea) Co., Ltd",98 - Miki Group Company,,SFC-050DA2-15B-24B-B,30,INR,9.14,645.71,2301,MPIN,OUT,,
MPIN,2,'2021/12/29,'2021/12/30,IN,"Miki Pulley (Korea) Co., Ltd",98 - Miki Group Company,,SFC-050DA2-18B-24B-B,30,INR,9.14,645.71,2301,MPIN,OUT,,
MPIN,2,'2021/12/29,'2021/12/30,IN,"Miki Pulley (Korea) Co., Ltd",98 - Miki Group Company,,SFC-060DA2-15B-28B,30,INR,16.3,1101.69,2301,MPIN,OUT,,
MPIN,2,'2021/12/29,'2021/12/30,IN,"Miki Pulley (Korea) Co., Ltd",98 - Miki Group Company,,SFC-060DA2-16B-16B-A,30,INR,16.3,1101.69,2301,MPIN,OUT,,
MPIN,2,'2021/12/29,'2021/12/27,OUT,BRIGHT INDIA ENTERPRISES,13 - Factory Automation,,SFC-030SA2-14B-14B,3,INR,1135.8,239.47,2301,MPIN,OUT,,
MPIN,2,'2021/12/29,'2021/12/27,OUT,BRIGHT INDIA ENTERPRISES,13 - Factory Automation,,SFC-050SA2-14B-14B-A,2,INR,1845.9,453.37,2301,MPIN,OUT,,
MPIN,2,'2021/12/29,'2021/12/27,OUT,BRIGHT INDIA ENTERPRISES,13 - Factory Automation,,SFC-040SA2-10B-14B-A,10,INR,1654.2,310.6,2301,MPIN,OUT,,
MPIN,2,'2021/12/29,'2021/12/25,OUT,SVP TECHNO ENGINEERS PVT. LTD.,80 - Trading Company,,SFC-030DA2-10B-16B-B,1,INR,853,350.48,2301,MPIN,OUT,,13 - Factory Automation
MPIN,2,'2021/12/29,'2022/02/28,OUT,PHEONIX ENGINEERING,80 - Trading Company,,BXH-12-10G-24V 24DIN,6,INR,8865,6205.2,1401,MPJP,IN,,13 - Factory Automation
MPIN,2,'2021/12/29,'2022/01/31,OUT,CLAREO ENGINEERING,80 - Trading Company,,SFS-05S-Pilot Bore,10,INR,2311,1374.96,2302,MPJP,IN,,13 - Factory Automation
MPIN,2,'2021/12/29,'2021/12/25,OUT,Rapid Services,13 - Factory Automation,,ALS-055-R-CLAMP TYPE,10,INR,1200,844,2202,MPIN,OUT,,
MPIN,2,'2021/12/29,'2021/12/31,OUT,TECHTRONICS AUTOMATION-,80 - Trading Company,,SFC-020DA2-10B-10B,25,INR,769,303.28,2301,MPIN,OUT,,13 - Factory Automation
MPIN,2,'2021/12/29,'2021/12/31,OUT,TECHTRONICS AUTOMATION-,80 - Trading Company,,ALS-030-R-10B-10B,25,INR,512,420,2202,MPIN,OUT,,13 - Factory Automation
MPIN,2,'2021/12/29,'2021/12/25,OUT,DRUPE ENGINEERING PVT LTD,13 - Factory Automation,,SFC-020DA2-6.35B-6.35B,10,INR,769,303.28,2301,MPIN,OUT,,
MPIN,2,'2021/12/29,'2021/12/30,OUT,R K INDUSTRIAL AUTOMATION PRODUCTS,80 - Trading Company,,SFC-050DA2-14B-17B-A,31,INR,1362,645.71,2301,MPIN,OUT,,13 - Factory Automation
MPIN,2,'2021/12/29,'2021/12/30,OUT,R K INDUSTRIAL AUTOMATION PRODUCTS,80 - Trading Company,,SFC-050DA2-17B-22B-B,18,INR,1362,645.71,2301,MPIN,OUT,,13 - Factory Automation
MPIN,2,'2021/12/29,'2021/12/30,OUT,R K INDUSTRIAL AUTOMATION PRODUCTS,80 - Trading Company,,SFC-050DA2-19B-20B-B,2,INR,1362,645.71,2301,MPIN,OUT,,13 - Factory Automation
MPIN,2,'2021/12/29,'2021/12/31,OUT,SHREE MARKETING,80 - Trading Company,,ALS-065-R-32B-35B,10,INR,1506,1302,2202,MPIN,OUT,,13 - Factory Automation
MPIN,2,'2021/12/29,'2021/12/31,OUT,SHREE MARKETING,80 - Trading Company,,ALS-080-R-25B-40B,2,INR,2558,2189,2202,MPIN,OUT,,13 - Factory Automation
MPIN,2,'2021/12/29,'2021/12/31,OUT,SHREE MARKETING,80 - Trading Company,,SFC-050SA2-12B-30B-C,1,INR,1034,453.37,2301,MPIN,OUT,,13 - Factory Automation
MPIN,2,'2021/12/29,'2021/12/31,OUT,SHREE MARKETING,80 - Trading Company,,ALS-065-R-24B-25B,30,INR,1506,1302,2202,MPIN,OUT,,13 - Factory Automation
MPIN,2,'2021/12/29,'2021/12/27,OUT,PHEONIX ENGINEERING,80 - Trading Company,,SFC-050SA2-10B-14B,1,INR,1034,453.37,2301,MPIN,OUT,,13 - Factory Automation
MPIN,2,'2021/12/29,'2021/12/27,OUT,PHEONIX ENGINEERING,80 - Trading Company,,SFC-050SA2-15B-24B-B,1,INR,1034,453.37,2301,MPIN,OUT,,13 - Factory Automation
MPIN,2,'2021/12/29,'2021/12/27,OUT,PHEONIX ENGINEERING,80 - Trading Company,,SFC-040DA2-12B-19B-B,3,INR,1184,447.41,2301,MPIN,OUT,,13 - Factory Automation
MPIN,2,'2021/12/29,'2021/12/28,OUT,VENTURE AUTOMATION,80 - Trading Company,,SFC-060DA2-25B-30B-C,1,INR,2695,1101.69,2301,MPIN,OUT,,13 - Factory Automation
MPIN,2,'2021/12/29,'2021/12/29,OUT,VENTURE AUTOMATION,80 - Trading Company,,ALS-080-R-EL-P (40),5,INR,428,396,2202,MPJP,IN,,13 - Factory Automation
MPIN,2,'2021/12/29,'2021/12/28,OUT,VENTURE AUTOMATION,80 - Trading Company,,ALS-065-R-EL-P (100),5,INR,332,306,2202,MPJP,IN,,13 - Factory Automation
MPIN,2,'2021/12/29,'2021/12/29,OUT,VENTURE AUTOMATION,80 - Trading Company,,ALS-055-R-EL-P (100),5,INR,281,227,2202,MPJP,IN,,13 - Factory Automation
MPIN,2,'2021/12/29,'2021/12/29,OUT,VENTURE AUTOMATION,80 - Trading Company,,ALS-030-R-CLAMP TYPE,5,INR,512,395,2202,MPIN,OUT,,13 - Factory Automation
MPIN,2,'2021/12/29,'2021/12/29,OUT,VENTURE AUTOMATION,80 - Trading Company,,SFC-050DA2-12B-14B-A,2,INR,1945,645.71,2301,MPIN,OUT,,13 - Factory Automation
MPIN,2,'2021/12/29,'2021/12/29,OUT,VENTURE AUTOMATION,80 - Trading Company,,SFC-050DA2-15B-15B-C,2,INR,1945,645.71,2301,MPIN,OUT,,13 - Factory Automation
MPIN,2,'2021/12/29,'2021/12/27,OUT,SVP TECHNO ENGINEERS PVT. LTD.,80 - Trading Company,,SFC-080DA2-25B-35B,2,INR,2815,1819.65,2301,MPIN,OUT,,13 - Factory Automation
MPIN,2,'2021/12/29,'2021/12/27,OUT,SHREE MARKETING,80 - Trading Company,,ALS-080-R-CLAMP TYPE,1,INR,2558,2149,2202,MPIN,OUT,,13 - Factory Automation
MPIN,2,'2021/12/29,'2021/12/27,OUT,SHREE MARKETING,80 - Trading Company,,PSL-G-20,8,INR,892,628,2602,MPTJ,OUT,,13 - Factory Automation
MPIN,2,'2021/12/29,'2021/12/27,OUT,SHREE MARKETING,80 - Trading Company,,BLS-040-R-19B-20B,10,INR,495,369,2909,MPIN,OUT,,13 - Factory Automation
MPIN,2,'2021/12/29,'2021/12/27,OUT,SHREE MARKETING,80 - Trading Company,,BLS-040-R-14B-20B,4,INR,495,369,2909,MPIN,OUT,,13 - Factory Automation
MPIN,2,'2021/12/29,'2021/12/27,OUT,PHEONIX ENGINEERING,80 - Trading Company,,SFC-040DA2-8B-14B-A,1,INR,1184,447.41,2301,MPIN,OUT,,13 - Factory Automation
MPIN,2,'2021/12/29,'2021/12/27,OUT,R K ENGINEERING PRODUCTS SERVICES,80 - Trading Company,,SFC-040SA2-19B-19B,1,INR,926,310.6,2301,MPIN,OUT,,13 - Factory Automation
MPIN,2,'2021/12/29,'2021/12/25,OUT,REFLEX TECHNOLOGIES PVT LTD,13 - Factory Automation,,ALS-040-R-CLAMP TYPE,2,INR,904,500,2202,MPIN,OUT,,
MPIN,2,'2021/12/29,'2021/12/27,OUT,CLAREO ENGINEERING,80 - Trading Company,,BLS-040-R-12.7B-12.7B,10,INR,495,369,2909,MPIN,OUT,,13 - Factory Automation
MPIN,2,'2021/12/29,'2021/12/27,OUT,CLAREO ENGINEERING,80 - Trading Company,,BLS-040-R-12.7B-19B,10,INR,495,369,2909,MPIN,OUT,,13 - Factory Automation
MPIN,2,'2021/12/29,'2021/12/28,OUT,SRI DURGA SALES CORPORATION,80 - Trading Company,,ALS-030-R-6B-14B,6,INR,512,420,2202,MPIN,OUT,,9090 - Special purpose machinery
MPIN,2,'2021/12/29,'2021/12/27,OUT,R K INDUSTRIAL AUTOMATION PRODUCTS,80 - Trading Company,,SFC-025SA2-14B-14B,2,INR,564,241.93,2301,MPIN,OUT,,13 - Factory Automation
MPIN,2,'2021/12/29,'2021/12/27,OUT,Hexamac Industrial Solutions,80 - Trading Company,,ALS-020-R-CLAMP TYPE,5,INR,388,287,2202,MPIN,OUT,,13 - Factory Automation
MPIN,2,'2021/12/29,'2021/12/27,OUT,Hexamac Industrial Solutions,80 - Trading Company,,ALS-065-R-CLAMP TYPE,8,INR,1506,1262,2202,MPIN,OUT,,13 - Factory Automation
MPIN,2,'2021/12/29,'2021/12/27,OUT,Hexamac Industrial Solutions,80 - Trading Company,,ALS-080-R-CLAMP TYPE,2,INR,2558,2149,2202,MPIN,OUT,,13 - Factory Automation
MPIN,2,'2021/12/29,'2021/12/27,OUT,Hexamac Industrial Solutions,80 - Trading Company,,ALS-065-R-EL-P (100),15,INR,332,306,2202,MPJP,IN,,13 - Factory Automation
MPIN,2,'2021/12/29,'2021/12/27,OUT,Hexamac Industrial Solutions,80 - Trading Company,,ALS-080-R-EL-P (40),5,INR,428,396,2202,MPJP,IN,,13 - Factory Automation
MPIN,2,'2021/12/29,'2021/12/27,OUT,SVP TECHNO ENGINEERS PVT. LTD.,80 - Trading Company,,ALS-055-R-CLAMP TYPE,10,INR,1078,844,2202,MPIN,OUT,,13 - Factory Automation
MPIN,2,'2021/12/29,'2021/12/29,OUT,A.B AUTOMATION,80 - Trading Company,,BLS-040-R-15B-15B,45,INR,495,369,2909,MPIN,OUT,,13 - Factory Automation
MPIN,2,'2021/12/29,'2021/12/29,OUT,A.B AUTOMATION,80 - Trading Company,,BLS-040-R-19B-19B,40,INR,495,369,2909,MPIN,OUT,,13 - Factory Automation
MPIN,2,'2021/12/29,'2021/12/29,OUT,A.B AUTOMATION,80 - Trading Company,,BLS-040-R-12.7B-12.7B,35,INR,495,369,2909,MPIN,OUT,,13 - Factory Automation
MPIN,2,'2021/12/29,'2021/12/29,OUT,A.B AUTOMATION,80 - Trading Company,,BLS-040-R-10B-10B,30,INR,495,369,2909,MPIN,OUT,,13 - Factory Automation
MPIN,2,'2021/12/29,'2021/12/29,OUT,A.B AUTOMATION,80 - Trading Company,,BLS-040-R-14B-14B,25,INR,495,369,2909,MPIN,OUT,,13 - Factory Automation
MPIN,2,'2021/12/29,'2021/12/29,OUT,A.B AUTOMATION,80 - Trading Company,,BLS-040-R-16B-16B,10,INR,495,369,2909,MPIN,OUT,,13 - Factory Automation
MPIN,2,'2021/12/29,'2021/12/29,OUT,A.B AUTOMATION,80 - Trading Company,,BLS-040-R-13B-13B,5,INR,495,369,2909,MPIN,OUT,,13 - Factory Automation
MPIN,2,'2021/12/29,'2021/12/29,OUT,A.B AUTOMATION,80 - Trading Company,,BLS-040-R-20B-20B,5,INR,495,369,2909,MPIN,OUT,,13 - Factory Automation
MPIN,2,'2021/12/29,'2022/01/05,OUT,A.B AUTOMATION,80 - Trading Company,,BLS-040-R-16B-20B,100,INR,495,369,2909,MPIN,OUT,,13 - Factory Automation
MPIN,2,'2021/12/29,'2021/12/30,OUT,R K INDUSTRIAL AUTOMATION PRODUCTS,80 - Trading Company,,ALS-065-R-25B-35B,3,INR,1506,1302,2202,MPIN,OUT,,13 - Factory Automation
MPIN,2,'2021/12/29,'2021/12/30,OUT,R K INDUSTRIAL AUTOMATION PRODUCTS,80 - Trading Company,,ALS-065-R-24B-25B,1,INR,1506,1302,2202,MPIN,OUT,,13 - Factory Automation
MPIN,2,'2021/12/29,'2021/12/31,OUT,VENTURE AUTOMATION,80 - Trading Company,,SFC-050DA2-14B-16B-A,4,INR,1945,645.71,2301,MPIN,OUT,,13 - Factory Automation
MPIN,2,'2021/12/29,'2021/12/31,OUT,VENTURE AUTOMATION,80 - Trading Company,,SFC-050DA2-14B-19B-A,1,INR,1945,645.71,2301,MPIN,OUT,,13 - Factory Automation
MPIN,2,'2021/12/29,'2021/12/31,OUT,VENTURE AUTOMATION,80 - Trading Company,,SFC-040DA2-10B-16B-B,4,INR,1692,447.41,2301,MPIN,OUT,,13 - Factory Automation
MPIN,2,'2021/12/29,'2021/12/31,OUT,VENTURE AUTOMATION,80 - Trading Company,,SFC-060DA2-11B-25B-B,2,INR,2695,1101.69,2301,MPIN,OUT,,13 - Factory Automation
MPIN,2,'2021/12/29,'2021/12/31,OUT,VENTURE AUTOMATION,80 - Trading Company,,SFC-060DA2-12B-16B,2,INR,2695,1101.69,2301,MPIN,OUT,,13 - Factory Automation
MPIN,2,'2021/12/29,'2021/12/31,OUT,VENTURE AUTOMATION,80 - Trading Company,,SFC-060DA2-25B-26B,2,INR,2695,1101.69,2301,MPIN,OUT,,13 - Factory Automation
MPIN,2,'2021/12/29,'2021/12/27,OUT,CLAREO ENGINEERING,80 - Trading Company,,PSL-G-22,2,INR,1013,628,2602,MPTJ,OUT,,13 - Factory Automation
MPIN,2,'2021/12/29,'2021/12/31,OUT,OLE AUTOMATION INDIA PRIVATE LIMITED,80 - Trading Company,,ALS-030-R-8B-10B,1,INR,512,420,2202,MPIN,OUT,,13 - Factory Automation
MPIN,2,'2021/12/29,'2021/12/31,OUT,OLE AUTOMATION INDIA PRIVATE LIMITED,80 - Trading Company,,SFC-060DA2-22B-22B-A,1,INR,2695,1101.69,2301,MPIN,OUT,,13 - Factory Automation
MPIN,2,'2021/12/29,'2022/02/28,OUT,PHEONIX ENGINEERING,80 - Trading Company,,SFC-050SA2-18BJ-24B,50,INR,2940,2394,2301,MPJP,IN,,13 - Factory Automation
MPIN,2,'2021/12/29,'2022/02/28,OUT,PHEONIX ENGINEERING,80 - Trading Company,,SFS-08S-22M-16C,150,INR,5424,4898.1,2302,MPJP,IN,,13 - Factory Automation
MPIN,2,'2021/12/29,'2022/01/01,OUT,VINSAK INDIA PVT LTD,13 - Factory Automation,,SFC-050SA2-15B-22B-B,5,INR,2052,453.37,2301,MPIN,OUT,,
MPIN,2,'2021/12/29,'2022/01/01,OUT,TECHTRONICS AUTOMATION-,80 - Trading Company,,SFC-050SA2-12B-14B-A,1,INR,1034,453.37,2301,MPIN,OUT,,13 - Factory Automation
MPIN,2,'2021/12/29,'2022/01/01,OUT,TECHTRONICS AUTOMATION-,80 - Trading Company,,SFC-040SA2-14B-15B-A,1,INR,926,310.6,2301,MPIN,OUT,,13 - Factory Automation
MPIN,2,'2021/12/29,'2022/01/01,OUT,PHEONIX ENGINEERING,80 - Trading Company,,SFC-040DA2-14B-14B-B,4,INR,1184,447.41,2301,MPIN,OUT,,13 - Factory Automation
MPIN,2,'2021/12/29,'2022/01/01,OUT,PHEONIX ENGINEERING,80 - Trading Company,,SFC-040DA2-15B-19B-B,6,INR,1184,447.41,2301,MPIN,OUT,,13 - Factory Automation
MPIN,2,'2021/12/29,'2022/01/01,OUT,PHEONIX ENGINEERING,80 - Trading Company,,SFC-040DA2-14B-19B-B,4,INR,1184,447.41,2301,MPIN,OUT,,13 - Factory Automation
MPIN,2,'2021/12/29,'2022/01/01,OUT,EFD INDUCTION PRIVATE LIMITED,10 - Machine tool,,SFC-080SA2-18B-18B,2,INR,3425.4,1226.19,2301,MPIN,OUT,,
MPIN,2,'2021/12/29,'2022/01/01,OUT,EFD INDUCTION PRIVATE LIMITED,10 - Machine tool,,SFC-080SA2-18B-32B,2,INR,3425.4,1226.19,2301,MPIN,OUT,,
MPIN,1,'2021/12/29,'2022/01/01,OUT,NUTRON SYSTEMS PVT. LTD.,80 - Trading Company,,SFC-035DA2-8B-14B,3,INR,961,427.67,2301,MPIN,OUT,,13 - Factory Automation
MPIN,1,'2021/12/29,'2022/01/01,OUT,NUTRON SYSTEMS PVT. LTD.,80 - Trading Company,,SFC-050SA2-16B-18B,1,INR,1034,453.37,2301,MPIN,OUT,,13 - Factory Automation
MPIN,1,'2021/12/29,'2022/01/01,OUT,VICTOR ENTERPRISES,80 - Trading Company,,SFC-060DA2-22B-24B-A,1,INR,2695,1101.69,2301,MPIN,OUT,,13 - Factory Automation
MPIN,1,'2021/12/29,'2022/01/01,OUT,NUTRON SYSTEMS PVT. LTD.,80 - Trading Company,,ALS-055-R-PILOT BORE,4,INR,905,857,2202,MPIN,OUT,,13 - Factory Automation
MPIN,1,'2021/12/29,'2022/01/01,OUT,SHREE MARKETING,80 - Trading Company,,BLS-040-R-CLAMP TYPE,100,INR,495,369,2909,MPIN,OUT,,13 - Factory Automation
MPIN,1,'2021/12/29,'2022/01/01,OUT,R K INDUSTRIAL AUTOMATION PRODUCTS,80 - Trading Company,,PSL-G-30,1,INR,1212,757,2602,MPTJ,OUT,,13 - Factory Automation
MPIN,1,'2021/12/29,'2022/02/28,OUT,NUTRON SYSTEMS PVT. LTD.,80 - Trading Company,,101-20-13G-24V-55DIN,1,INR,39977,27983.7,1301,MPJP,IN,,13 - Factory Automation
MPIN,1,'2021/12/29,'2022/02/28,OUT,NUTRON SYSTEMS PVT. LTD.,80 - Trading Company,,AL-075 10-14,2,INR,3892,2557.8,2201,MPJP,IN,,13 - Factory Automation
MPIN,1,'2021/12/29,'2022/01/01,OUT,EFD INDUCTION PRIVATE LIMITED,10 - Machine tool,,SFC-050DA2-18B-24B-B,2,INR,2701,645.71,2301,MPIN,OUT,,
MPIN,1,'2021/12/29,'2022/01/10,OUT,LAKSHMI MACHINE WORKS LIMITED,10 - Machine tool,,SFC-050SA2-18B-24B-B,25,INR,1738,453.37,2301,MPIN,OUT,,
MPIN,1,'2021/12/29,'2022/01/01,OUT,ACE ENTERPRISES,80 - Trading Company,,ALS-030-R-10B-11B,9,INR,512,420,2202,MPIN,OUT,,13 - Factory Automation
MPIN,1,'2021/12/29,'2022/01/01,OUT,ACE ENTERPRISES,80 - Trading Company,,ALS-030-R-8B-11B,6,INR,512,420,2202,MPIN,OUT,,13 - Factory Automation
MPIN,1,'2021/12/29,'2022/01/01,OUT,ACE ENTERPRISES,80 - Trading Company,,ALS-040-R-19B-20B,2,INR,633,555,2202,MPIN,OUT,,13 - Factory Automation
MPIN,1,'2021/12/29,'2022/01/01,OUT,ELECTRONICS DEVICES WORLDWIDE PVT LTD,13 - Factory Automation,,SFC-080SA2-22B-25B,1,INR,3425.4,1226.19,2301,MPIN,OUT,,
MPIN,1,'2021/12/29,'2022/01/01,OUT,Hexamac Industrial Solutions,80 - Trading Company,,SFC-030DA2-10B-14B-C,3,INR,1219,350.48,2301,MPIN,OUT,,13 - Factory Automation
MPIN,1,'2021/12/29,'2022/01/01,OUT,Hexamac Industrial Solutions,80 - Trading Company,,PSL-K-25,3,INR,1748,989,2602,MPTJ,OUT,,13 - Factory Automation
MPIN,1,'2021/12/29,'2022/01/01,OUT,SNOWBELL MACHINES PVT LTD,19 - Packaging machinery,,ALS-065-R-22B-32B,1,INR,1982,1302,2202,MPIN,OUT,,
MPIN,1,'2021/12/29,'2022/01/01,OUT,SVP TECHNO ENGINEERS PVT. LTD.,80 - Trading Company,,PSL-G-55,6,INR,2010,1213,2602,MPTJ,OUT,,13 - Factory Automation
MPIN,1,'2021/12/29,'2022/01/01,OUT,CLAREO ENGINEERING,80 - Trading Company,,SFC-040DA2-13B-14B-A,1,INR,1184,447.41,2301,MPIN,OUT,,13 - Factory Automation
MPIN,1,'2021/12/29,'2022/01/01,OUT,SWAMI SAMARTH PET INDUSTRIES,13 - Factory Automation,,SFC-060SA2-22B-22B-A,2,INR,2913,797.77,2301,MPIN,OUT,,
MPIN,1,'2021/12/29,'2022/01/01,OUT,SWAMI SAMARTH PET INDUSTRIES,13 - Factory Automation,,SFC-040DA2-10B-10B-A,2,INR,2350,447.41,2301,MPIN,OUT,,
MPIN,2,'2021/12/29,'2022/01/01,OUT,NUTRON SYSTEMS PVT. LTD.,80 - Trading Company,,SFC-035DA2-8B-14B,3,INR,961,427.67,2301,MPIN,OUT,,13 - Factory Automation
MPIN,2,'2021/12/29,'2022/01/01,OUT,NUTRON SYSTEMS PVT. LTD.,80 - Trading Company,,SFC-050SA2-16B-18B,1,INR,1034,453.37,2301,MPIN,OUT,,13 - Factory Automation
MPIN,2,'2021/12/29,'2022/01/01,OUT,VICTOR ENTERPRISES,80 - Trading Company,,SFC-060DA2-22B-24B-A,1,INR,2695,1101.69,2301,MPIN,OUT,,13 - Factory Automation
MPIN,2,'2021/12/29,'2022/01/01,OUT,SHREE MARKETING,80 - Trading Company,,BLS-040-R-CLAMP TYPE,100,INR,495,369,2909,MPIN,OUT,,13 - Factory Automation
MPIN,2,'2021/12/29,'2022/01/01,OUT,R K INDUSTRIAL AUTOMATION PRODUCTS,80 - Trading Company,,PSL-G-30,1,INR,1212,757,2602,MPTJ,OUT,,13 - Factory Automation
MPIN,2,'2021/12/29,'2022/02/28,OUT,NUTRON SYSTEMS PVT. LTD.,80 - Trading Company,,101-20-13G-24V-55DIN,1,INR,39977,27983.7,1301,MPJP,IN,,13 - Factory Automation
MPIN,2,'2021/12/29,'2022/02/28,OUT,NUTRON SYSTEMS PVT. LTD.,80 - Trading Company,,AL-075 10-14,2,INR,3892,2557.8,2201,MPJP,IN,,13 - Factory Automation
MPIN,2,'2021/12/29,'2022/01/01,OUT,EFD INDUCTION PRIVATE LIMITED,10 - Machine tool,,SFC-050DA2-18B-24B-B,2,INR,2701,645.71,2301,MPIN,OUT,,
MPIN,2,'2021/12/29,'2022/01/10,OUT,LAKSHMI MACHINE WORKS LIMITED,10 - Machine tool,,SFC-050SA2-18B-24B-B,25,INR,1738,453.37,2301,MPIN,OUT,,
MPIN,2,'2021/12/29,'2022/01/01,OUT,ACE ENTERPRISES,80 - Trading Company,,ALS-030-R-10B-11B,9,INR,512,420,2202,MPIN,OUT,,13 - Factory Automation
MPIN,2,'2021/12/29,'2022/01/01,OUT,ACE ENTERPRISES,80 - Trading Company,,ALS-030-R-8B-11B,6,INR,512,420,2202,MPIN,OUT,,13 - Factory Automation
MPIN,2,'2021/12/29,'2022/01/01,OUT,ACE ENTERPRISES,80 - Trading Company,,ALS-040-R-19B-20B,2,INR,633,555,2202,MPIN,OUT,,13 - Factory Automation
MPIN,2,'2021/12/29,'2022/01/01,OUT,ELECTRONICS DEVICES WORLDWIDE PVT LTD,13 - Factory Automation,,SFC-080SA2-22B-25B,1,INR,3425.4,1226.19,2301,MPIN,OUT,,
MPIN,2,'2021/12/29,'2022/01/01,OUT,Hexamac Industrial Solutions,80 - Trading Company,,SFC-030DA2-10B-14B-C,3,INR,1219,350.48,2301,MPIN,OUT,,13 - Factory Automation
MPIN,2,'2021/12/29,'2022/01/01,OUT,Hexamac Industrial Solutions,80 - Trading Company,,PSL-K-25,3,INR,1748,989,2602,MPTJ,OUT,,13 - Factory Automation
MPIN,2,'2021/12/29,'2022/01/01,OUT,SNOWBELL MACHINES PVT LTD,19 - Packaging machinery,,ALS-065-R-22B-32B,1,INR,1982,1302,2202,MPIN,OUT,,
MPIN,2,'2021/12/29,'2022/01/01,OUT,SVP TECHNO ENGINEERS PVT. LTD.,80 - Trading Company,,PSL-G-55,6,INR,2010,1213,2602,MPTJ,OUT,,13 - Factory Automation
MPIN,2,'2021/12/29,'2022/01/01,OUT,CLAREO ENGINEERING,80 - Trading Company,,SFC-040DA2-13B-14B-A,1,INR,1184,447.41,2301,MPIN,OUT,,13 - Factory Automation
MPIN,2,'2021/12/29,'2022/01/01,OUT,SWAMI SAMARTH PET INDUSTRIES,13 - Factory Automation,,SFC-060SA2-22B-22B-A,2,INR,2913,797.77,2301,MPIN,OUT,,
MPIN,2,'2021/12/29,'2022/01/01,OUT,SWAMI SAMARTH PET INDUSTRIES,13 - Factory Automation,,SFC-040DA2-10B-10B-A,2,INR,2350,447.41,2301,MPIN,OUT,,
MPIN,3,'2021/12/29,'2021/12/30,OUT,"MIDAS EASTERN MACHINE TOOLS PVT. LTD.,",10 - Machine tool,,SFC-050DA2-17B-19B-B,3,INR,2296,645.71,2301,MPIN,OUT,,
MPIN,3,'2021/12/29,'2021/12/31,OUT,FLURO ENGINEERING PVT LTD.,80 - Trading Company,,SFC-020SA2-6B-9B,1,INR,559,212.88,2301,MPIN,OUT,,13 - Factory Automation
MPIN,3,'2021/12/29,'2021/12/22,OUT,NUTRON SYSTEMS PVT. LTD.,80 - Trading Company,,PSL-G-20,1,INR,1013,628,2602,MPTJ,OUT,,13 - Factory Automation
MPIN,3,'2021/12/29,'2022/01/01,OUT,NUTRON SYSTEMS PVT. LTD.,80 - Trading Company,,ALS-055-R-PILOT BORE,4,INR,905,857,2202,MPIN,OUT,,13 - Factory Automation
MPIN,3,'2021/12/29,'2021/12/27,OUT,A.B AUTOMATION,80 - Trading Company,,MFC-020DAE-8B-8B,20,INR,200,219,2909,MPIN,OUT,,13 - Factory Automation
MPIN,3,'2021/12/29,'2021/12/28,OUT,A.B AUTOMATION,80 - Trading Company,,ALS-065-R-20B-20B,4,INR,1506,1302,2202,MPIN,OUT,,13 - Factory Automation
MPIN,3,'2021/12/29,'2021/12/31,OUT,TECHTRONICS AUTOMATION-,80 - Trading Company,,SFC-060DA2-18B-19B-A,1,INR,1887,1101.69,2301,MPIN,OUT,,13 - Factory Automation
MPIN,3,'2021/12/29,'2021/12/27,OUT,TECHTRONICS AUTOMATION-,80 - Trading Company,,SFC-035SA2-8B-8B,3,INR,709,289.82,2301,MPIN,OUT,,13 - Factory Automation
MPIN,3,'2021/12/29,'2021/12/31,OUT,TECHTRONICS AUTOMATION-,80 - Trading Company,,SFC-060SA2-22B-22B-A,1,INR,1468,797.77,2301,MPIN,OUT,,13 - Factory Automation
