,,,,,,,,,,,,,,,,,,
The Undelivered Order (By Customer)-N,,,,,,,,,,,,,,,,,,
Date: 2020-01-01 - 2023-01-31,,,,,,,,,,,,,,,,,,
Customer: All,,,,,,,,,,,,,,,,,,
 ,,, ,,,,,,,,,,,,,,,
,,,,,,,,,,,,,,,,,,
Customer,Business name,Customer Abbr.,Product Name,Order Date,Expected Delivery Date,Item No.,Subcategory Name,Business,Subcategory No.,Goods specification,Unit,Unit price,Currency,Backlog Quantity,Backlog Amt.,EndUSER,User type code,User type
,,,,,,,,,,,,,,,,,,
A0052,OUT,êMãBâ»ãZ,ó¸é≤äÌ,2021-11-30,2022-01-16,TW93105,Servoflex SFC,A02,230100,SFC-050SA2-T218,PCS,1630,,20,34230,,,
A0050,OUT,ëÂìØëÂåG,ó¸é≤äÌ,2021-07-13,2021-12-27,125211100,Servoflex SFS/SFF/SFM/SFH,A02,230200,SFF-080SS-30B-35BS-150N,PCS,956,,317,318204.6,,,
A0050,OUT,ëÂìØëÂåG,ó¸é≤äÌ,2021-11-17,2022-03-31,125211100,Servoflex SFS/SFF/SFM/SFH,A02,230200,SFF-080SS-30B-35BS-150N,PCS,956,,600,602280,,,
A0033,OUT,HIWIN,ó¸é≤äÌ,2021-12-29,2022-01-20,127721500,Servoflex SFC,A02,230100,SFC-030DA2-8B-8B,PCS,570,,4,2394,,1200,Industrial robot
A0033,OUT,HIWIN,ó¸é≤äÌ,2022-01-06,2022-02-15,128647100,StepFlex,A02,270100,STF-034SA1-6.35B-8B,PCS,1260,,60,79380,,1200,Industrial robot
A0033,OUT,HIWIN,ó¸é≤äÌ,2022-01-07,2022-01-27,127728800,Servoflex SFC,A02,230100,SFC-040DA2-12B-19B,PCS,765,,3,2410,,1200,Industrial robot
A0033,OUT,HIWIN,ó¸é≤äÌ,2022-01-12,2022-01-27,127744700,Servoflex SFC,A02,230100,SFC-060SA2-18B-22B,PCS,975,,1,1024,,1200,Industrial robot
A0033,OUT,HIWIN,ó¸é≤äÌ,2022-01-12,2022-01-27,TW92165,Servoflex SFC,A02,230100,SFC-060SA2-18B-18B,PCS,975,,1,1024,,1200,Industrial robot
A0031,OUT,DELTA,?é‘äÌ,2021-05-19,2021-09-27,127974400,STD BXR,A02,140102,BXR-14-10-A-41,PCS,5480,001,80,111222,,0100,Motor
A0031,OUT,DELTA,?é‘äÌ,2021-05-19,2021-09-27,127974400,STD BXR,A02,140102,BXR-14-10-A-41,PCS,5480,001,80,111222,,0100,Motor
A0031,OUT,DELTA,?é‘äÌ,2021-05-19,2021-09-27,127974400,STD BXR,A02,140102,BXR-14-10-A-41,PCS,5480,001,80,111222,,0100,Motor
A0031,OUT,DELTA,?é‘äÌ,2021-05-19,2021-09-27,127974400,STD BXR,A02,140102,BXR-14-10-A-41,PCS,5480,001,80,111222,,0100,Motor
A0031,OUT,DELTA,?é‘äÌ,2021-05-19,2021-10-04,127974400,STD BXR,A02,140102,BXR-14-10-A-41,PCS,5480,001,80,111222,,0100,Motor
A0031,OUT,DELTA,?é‘äÌ,2021-05-19,2021-10-04,127974400,STD BXR,A02,140102,BXR-14-10-A-41,PCS,5480,001,80,111222,,0100,Motor
A0031,OUT,DELTA,?é‘äÌ,2021-05-19,2021-10-04,127974400,STD BXR,A02,140102,BXR-14-10-A-41,PCS,5480,001,80,111222,,0100,Motor
A0031,OUT,DELTA,?é‘äÌ,2021-05-19,2021-10-04,127974400,STD BXR,A02,140102,BXR-14-10-A-41,PCS,5480,001,80,111222,,0100,Motor
A0031,OUT,DELTA,?é‘äÌ,2021-05-19,2021-10-04,127974400,STD BXR,A02,140102,BXR-14-10-A-41,PCS,5480,001,80,111222,,0100,Motor
A0031,OUT,DELTA,?é‘äÌ,2021-05-19,2021-10-11,127974400,STD BXR,A02,140102,BXR-14-10-A-41,PCS,5480,001,80,111222,,0100,Motor
A0031,OUT,DELTA,?é‘äÌ,2021-05-19,2021-10-11,127974400,STD BXR,A02,140102,BXR-14-10-A-41,PCS,5480,001,80,111222,,0100,Motor
A0031,OUT,DELTA,?é‘äÌ,2021-05-19,2021-10-11,127974400,STD BXR,A02,140102,BXR-14-10-A-41,PCS,5480,001,80,111222,,0100,Motor
A0031,OUT,DELTA,?é‘äÌ,2021-05-19,2021-10-11,127974400,STD BXR,A02,140102,BXR-14-10-A-41,PCS,5480,001,80,111222,,0100,Motor
A0031,OUT,DELTA,?é‘äÌ,2021-05-19,2021-10-11,127974400,STD BXR,A02,140102,BXR-14-10-A-41,PCS,5480,001,80,111222,,0100,Motor
A0031,OUT,DELTA,?é‘äÌ,2021-05-19,2021-10-11,127974400,STD BXR,A02,140102,BXR-14-10-A-41,PCS,5480,001,80,111222,,0100,Motor
A0031,OUT,DELTA,?é‘äÌ (ï€?ïi),2021-05-27,2021-09-27,TW90986,Micro BXW,A02,120101,BXW-01-10-107,PCS,2135,001,1500,813115,,0100,Motor
A0031,OUT,DELTA,?é‘äÌ (ï€?ïi),2021-05-27,2021-10-18,TW90988,Micro BXW,A02,120101,BXW-05-10-72,PCS,2430,001,2000,1233954,,0100,Motor
A0031,OUT,DELTA,?é‘äÌ (ï€?ïi),2021-05-27,2021-10-18,TW90988,Micro BXW,A02,120101,BXW-05-10-72,PCS,2430,001,2000,1233954,,0100,Motor
A0031,OUT,DELTA,?é‘äÌ (ï€?ïi),2021-05-27,2021-10-18,TW90988,Micro BXW,A02,120101,BXW-05-10-72,PCS,2430,001,2000,1233954,,0100,Motor
A0031,OUT,DELTA,?é‘äÌ (ï€?ïi),2021-05-27,2021-09-27,TW90988,Micro BXW,A02,120101,BXW-05-10-72,PCS,2430,001,500,308488.5,,0100,Motor
A0031,OUT,DELTA,?é‘äÌ (ï€?ïi),2021-05-27,2021-10-12,TW90987,Micro BXW,A02,120101,BXW-03-10-115,PCS,2150,001,1100,600473.5,,0100,Motor
A0031,OUT,DELTA,?é‘äÌ (ï€?ïi),2021-05-27,2021-10-12,TW90987,Micro BXW,A02,120101,BXW-03-10-115,PCS,2150,001,2000,1091770,,0100,Motor
A0031,OUT,DELTA,?é‘äÌ (ï€?ïi),2021-05-27,2021-10-25,TW90987,Micro BXW,A02,120101,BXW-03-10-115,PCS,2150,001,2000,1091770,,0100,Motor
A0031,OUT,DELTA,?é‘äÌ (ï€?ïi),2021-05-27,2021-10-25,TW90987,Micro BXW,A02,120101,BXW-03-10-115,PCS,2150,001,2000,1091770,,0100,Motor
A0031,OUT,DELTA,?é‘äÌ (ï€?ïi),2021-05-27,2021-10-25,TW90987,Micro BXW,A02,120101,BXW-03-10-115,PCS,2150,001,2000,1091770,,0100,Motor
A0031,OUT,DELTA,?é‘äÌ,2021-05-31,2021-11-08,TW91792,STD BXR,A02,140102,BXR-16-10-A-98,PCS,16500,001,40,167574,,0100,Motor
A0031,OUT,DELTA,?é‘äÌ,2021-05-31,2021-11-08,TW91792,STD BXR,A02,140102,BXR-16-10-A-98,PCS,16500,001,40,167574,,0100,Motor
A0031,OUT,DELTA,?é‘äÌ,2021-05-31,2021-11-08,TW91792,STD BXR,A02,140102,BXR-16-10-A-98,PCS,16500,001,40,167574,,0100,Motor
A0031,OUT,DELTA,?é‘äÌ,2021-05-31,2021-11-08,TW91792,STD BXR,A02,140102,BXR-16-10-A-98,PCS,16500,001,40,167574,,0100,Motor
A0031,OUT,DELTA,?é‘äÌ (ï€?ïi),2021-06-18,2021-12-10,TW90986,Micro BXW,A02,120101,BXW-01-10-107,PCS,2135,001,100,55909.333,,0100,Motor
A0031,OUT,DELTA,?é‘äÌ (ï€?ïi),2021-06-18,2021-12-10,TW90989,Micro BXW,A02,120101,BXW-03-10-116,PCS,2150,001,150,84453,,0100,Motor
A0031,OUT,DELTA,?é‘äÌ,2021-07-26,2021-10-18,127865800,STD BXR,A02,140102,BXR-10-10-A-53,PCS,3870,001,400,390251,,0100,Motor
A0031,OUT,DELTA,?é‘äÌ,2021-07-26,2021-10-18,127865800,STD BXR,A02,140102,BXR-10-10-A-53,PCS,3870,001,400,390251,,0100,Motor
A0031,OUT,DELTA,?é‘äÌ,2021-07-26,2021-10-18,127865800,STD BXR,A02,140102,BXR-10-10-A-53,PCS,3870,001,400,390251,,0100,Motor
A0031,OUT,DELTA,?é‘äÌ,2021-07-26,2021-10-18,127865800,STD BXR,A02,140102,BXR-10-10-A-53,PCS,3870,001,400,390251,,0100,Motor
A0031,OUT,DELTA,?é‘äÌ,2021-07-26,2021-10-18,127865800,STD BXR,A02,140102,BXR-10-10-A-53,PCS,3870,001,400,390251,,0100,Motor
A0031,OUT,DELTA,?é‘äÌ,2021-07-26,2021-10-18,127865800,STD BXR,A02,140102,BXR-10-10-A-53,PCS,3870,001,400,390251,,0100,Motor
A0031,OUT,DELTA,?é‘äÌ,2021-07-26,2021-11-02,127865800,STD BXR,A02,140102,BXR-10-10-A-53,PCS,3870,001,400,390251,,0100,Motor
A0031,OUT,DELTA,?é‘äÌ,2021-07-26,2021-11-02,127865800,STD BXR,A02,140102,BXR-10-10-A-53,PCS,3870,001,400,390251,,0100,Motor
A0031,OUT,DELTA,?é‘äÌ,2021-07-26,2021-11-02,127865800,STD BXR,A02,140102,BXR-10-10-A-53,PCS,3870,001,400,390251,,0100,Motor
A0031,OUT,DELTA,?é‘äÌ,2021-07-26,2021-11-02,127865800,STD BXR,A02,140102,BXR-10-10-A-53,PCS,3870,001,400,390251,,0100,Motor
A0031,OUT,DELTA,?é‘äÌ,2021-07-26,2021-11-02,127865800,STD BXR,A02,140102,BXR-10-10-A-53,PCS,3870,001,400,390251,,0100,Motor
A0031,OUT,DELTA,?é‘äÌ,2021-07-26,2021-11-02,127865800,STD BXR,A02,140102,BXR-10-10-A-53,PCS,3870,001,400,390251,,0100,Motor
A0031,OUT,DELTA,?é‘äÌ,2021-07-26,2021-11-15,127865800,STD BXR,A02,140102,BXR-10-10-A-53,PCS,3870,001,400,390251,,0100,Motor
A0031,OUT,DELTA,?é‘äÌ,2021-07-26,2021-11-15,127865800,STD BXR,A02,140102,BXR-10-10-A-53,PCS,3870,001,400,390251,,0100,Motor
A0031,OUT,DELTA,?é‘äÌ,2021-07-26,2021-11-15,127865800,STD BXR,A02,140102,BXR-10-10-A-53,PCS,3870,001,400,390251,,0100,Motor
A0031,OUT,DELTA,?é‘äÌ,2021-07-26,2021-11-15,127865800,STD BXR,A02,140102,BXR-10-10-A-53,PCS,3870,001,400,390251,,0100,Motor
A0031,OUT,DELTA,?é‘äÌ,2021-07-26,2021-11-15,127865800,STD BXR,A02,140102,BXR-10-10-A-53,PCS,3870,001,400,390251,,0100,Motor
A0031,OUT,DELTA,?é‘äÌ,2021-07-26,2021-11-15,127865800,STD BXR,A02,140102,BXR-10-10-A-53,PCS,3870,001,400,390251,,0100,Motor
A0031,OUT,DELTA,?é‘äÌ,2021-07-26,2021-11-29,127865800,STD BXR,A02,140102,BXR-10-10-A-53,PCS,3870,001,400,390251,,0100,Motor
A0031,OUT,DELTA,?é‘äÌ,2021-07-26,2021-11-29,127865800,STD BXR,A02,140102,BXR-10-10-A-53,PCS,3870,001,400,390251,,0100,Motor
A0031,OUT,DELTA,?é‘äÌ,2021-07-26,2021-11-29,127865800,STD BXR,A02,140102,BXR-10-10-A-53,PCS,3870,001,400,390251,,0100,Motor
A0031,OUT,DELTA,?é‘äÌ,2021-07-26,2021-11-29,127865800,STD BXR,A02,140102,BXR-10-10-A-53,PCS,3870,001,400,390251,,0100,Motor
A0031,OUT,DELTA,?é‘äÌ,2021-07-26,2021-11-29,127865800,STD BXR,A02,140102,BXR-10-10-A-53,PCS,3870,001,400,390251,,0100,Motor
A0031,OUT,DELTA,?é‘äÌ,2021-07-26,2021-11-29,127865800,STD BXR,A02,140102,BXR-10-10-A-53,PCS,3870,001,400,390251,,0100,Motor
A0031,OUT,DELTA,?é‘äÌ,2021-07-26,2021-12-06,127865800,STD BXR,A02,140102,BXR-10-10-A-53,PCS,3870,001,400,390251,,0100,Motor
A0031,OUT,DELTA,?é‘äÌ,2021-07-26,2021-12-06,127865800,STD BXR,A02,140102,BXR-10-10-A-53,PCS,3870,001,400,390251,,0100,Motor
A0031,OUT,DELTA,?é‘äÌ,2021-07-26,2021-12-06,127865800,STD BXR,A02,140102,BXR-10-10-A-53,PCS,3870,001,400,390251,,0100,Motor
A0031,OUT,DELTA,?é‘äÌ,2021-07-26,2021-12-06,127865800,STD BXR,A02,140102,BXR-10-10-A-53,PCS,3870,001,400,390251,,0100,Motor
A0031,OUT,DELTA,?é‘äÌ,2021-07-26,2021-12-06,127865800,STD BXR,A02,140102,BXR-10-10-A-53,PCS,3870,001,400,390251,,0100,Motor
A0031,OUT,DELTA,?é‘äÌ,2021-07-26,2021-12-06,127865800,STD BXR,A02,140102,BXR-10-10-A-53,PCS,3870,001,400,390251,,0100,Motor
A0031,OUT,DELTA,?é‘äÌ,2021-07-26,2021-10-25,127974400,STD BXR,A02,140102,BXR-14-10-A-41,PCS,5480,001,80,110521,,0100,Motor
A0031,OUT,DELTA,?é‘äÌ,2021-07-26,2021-10-25,127974400,STD BXR,A02,140102,BXR-14-10-A-41,PCS,5480,001,80,110521,,0100,Motor
A0031,OUT,DELTA,?é‘äÌ,2021-07-26,2021-10-25,127974400,STD BXR,A02,140102,BXR-14-10-A-41,PCS,5480,001,80,110521,,0100,Motor
A0031,OUT,DELTA,?é‘äÌ,2021-07-26,2021-10-25,127974400,STD BXR,A02,140102,BXR-14-10-A-41,PCS,5480,001,80,110521,,0100,Motor
A0031,OUT,DELTA,?é‘äÌ,2021-07-26,2021-10-25,127974400,STD BXR,A02,140102,BXR-14-10-A-41,PCS,5480,001,80,110521,,0100,Motor
A0031,OUT,DELTA,?é‘äÌ,2021-07-26,2021-10-25,127974400,STD BXR,A02,140102,BXR-14-10-A-41,PCS,5480,001,80,110521,,0100,Motor
A0031,OUT,DELTA,?é‘äÌ,2021-07-26,2021-10-25,127974400,STD BXR,A02,140102,BXR-14-10-A-41,PCS,5480,001,80,110521,,0100,Motor
A0031,OUT,DELTA,?é‘äÌ,2021-07-26,2021-10-25,127974400,STD BXR,A02,140102,BXR-14-10-A-41,PCS,5480,001,80,110521,,0100,Motor
A0031,OUT,DELTA,?é‘äÌ,2021-07-26,2021-10-25,127974400,STD BXR,A02,140102,BXR-14-10-A-41,PCS,5480,001,80,110521,,0100,Motor
A0031,OUT,DELTA,?é‘äÌ,2021-07-26,2021-10-25,127974400,STD BXR,A02,140102,BXR-14-10-A-41,PCS,5480,001,80,110521,,0100,Motor
A0031,OUT,DELTA,?é‘äÌ,2021-07-26,2021-11-08,127974400,STD BXR,A02,140102,BXR-14-10-A-41,PCS,5480,001,80,110521,,0100,Motor
A0031,OUT,DELTA,?é‘äÌ,2021-07-26,2021-11-08,127974400,STD BXR,A02,140102,BXR-14-10-A-41,PCS,5480,001,80,110521,,0100,Motor
A0031,OUT,DELTA,?é‘äÌ,2021-07-26,2021-11-08,127974400,STD BXR,A02,140102,BXR-14-10-A-41,PCS,5480,001,80,110521,,0100,Motor
A0031,OUT,DELTA,?é‘äÌ,2021-07-26,2021-11-08,127974400,STD BXR,A02,140102,BXR-14-10-A-41,PCS,5480,001,80,110521,,0100,Motor
A0031,OUT,DELTA,?é‘äÌ,2021-07-26,2021-11-08,127974400,STD BXR,A02,140102,BXR-14-10-A-41,PCS,5480,001,80,110521,,0100,Motor
A0031,OUT,DELTA,?é‘äÌ,2021-07-26,2021-11-08,127974400,STD BXR,A02,140102,BXR-14-10-A-41,PCS,5480,001,80,110521,,0100,Motor
A0031,OUT,DELTA,?é‘äÌ,2021-07-26,2021-11-08,127974400,STD BXR,A02,140102,BXR-14-10-A-41,PCS,5480,001,80,110521,,0100,Motor
A0031,OUT,DELTA,?é‘äÌ,2021-07-26,2021-11-08,127974400,STD BXR,A02,140102,BXR-14-10-A-41,PCS,5480,001,80,110521,,0100,Motor
A0031,OUT,DELTA,?é‘äÌ,2021-07-26,2021-11-08,127974400,STD BXR,A02,140102,BXR-14-10-A-41,PCS,5480,001,80,110521,,0100,Motor
A0031,OUT,DELTA,?é‘äÌ,2021-07-26,2021-11-22,127974400,STD BXR,A02,140102,BXR-14-10-A-41,PCS,5480,001,80,110521,,0100,Motor
A0031,OUT,DELTA,?é‘äÌ,2021-07-26,2021-11-22,127974400,STD BXR,A02,140102,BXR-14-10-A-41,PCS,5480,001,80,110521,,0100,Motor
A0031,OUT,DELTA,?é‘äÌ,2021-07-26,2021-11-22,127974400,STD BXR,A02,140102,BXR-14-10-A-41,PCS,5480,001,80,110521,,0100,Motor
A0031,OUT,DELTA,?é‘äÌ,2021-07-26,2021-11-22,127974400,STD BXR,A02,140102,BXR-14-10-A-41,PCS,5480,001,80,110521,,0100,Motor
A0031,OUT,DELTA,?é‘äÌ,2021-07-26,2021-11-22,127974400,STD BXR,A02,140102,BXR-14-10-A-41,PCS,5480,001,80,110521,,0100,Motor
A0031,OUT,DELTA,?é‘äÌ,2021-07-26,2021-11-22,127974400,STD BXR,A02,140102,BXR-14-10-A-41,PCS,5480,001,80,110521,,0100,Motor
A0031,OUT,DELTA,?é‘äÌ,2021-07-26,2021-11-22,127974400,STD BXR,A02,140102,BXR-14-10-A-41,PCS,5480,001,80,110521,,0100,Motor
A0031,OUT,DELTA,?é‘äÌ,2021-07-26,2021-11-22,127974400,STD BXR,A02,140102,BXR-14-10-A-41,PCS,5480,001,80,110521,,0100,Motor
A0031,OUT,DELTA,?é‘äÌ,2021-07-26,2021-11-22,127974400,STD BXR,A02,140102,BXR-14-10-A-41,PCS,5480,001,80,110521,,0100,Motor
A0031,OUT,DELTA,?é‘äÌ,2021-07-26,2021-11-22,127974400,STD BXR,A02,140102,BXR-14-10-A-41,PCS,5480,001,80,110521,,0100,Motor
A0031,OUT,DELTA,?é‘äÌ,2021-07-26,2021-11-08,127974400,STD BXR,A02,140102,BXR-14-10-A-41,PCS,5480,001,80,110521,,0100,Motor
A0031,OUT,DELTA,?é‘äÌ (ï€?ïi),2021-07-26,2022-01-14,TW90986,Micro BXW,A02,120101,BXW-01-10-107,PCS,2135,001,500,269117,,0100,Motor
A0031,OUT,DELTA,?é‘äÌ (ï€?ïi),2021-07-26,2022-01-14,TW90986,Micro BXW,A02,120101,BXW-01-10-107,PCS,2135,001,500,269117,,0100,Motor
A0031,OUT,DELTA,?é‘äÌ (ï€?ïi),2021-07-26,2022-01-28,TW90986,Micro BXW,A02,120101,BXW-01-10-107,PCS,2135,001,500,269117,,0100,Motor
A0031,OUT,DELTA,?é‘äÌ (ï€?ïi),2021-07-26,2022-01-28,TW90986,Micro BXW,A02,120101,BXW-01-10-107,PCS,2135,001,500,269117,,0100,Motor
A0031,OUT,DELTA,?é‘äÌ (ï€?ïi),2021-07-26,2022-02-11,TW90986,Micro BXW,A02,120101,BXW-01-10-107,PCS,2135,001,500,269117,,0100,Motor
A0031,OUT,DELTA,?é‘äÌ (ï€?ïi),2021-07-26,2022-02-11,TW90986,Micro BXW,A02,120101,BXW-01-10-107,PCS,2135,001,500,269117,,0100,Motor
A0031,OUT,DELTA,?é‘äÌ,2021-08-12,2021-11-22,TW90560,Micro BXR,A02,120102,BXR-01-10LE-A-31,PCS,6080,001,40,61140,,0100,Motor
A0031,OUT,DELTA,?é‘äÌ,2021-08-12,2021-11-22,TW90560,Micro BXR,A02,120102,BXR-01-10LE-A-31,PCS,6080,001,40,61140,,0100,Motor
A0031,OUT,DELTA,?é‘äÌ,2021-08-12,2021-11-22,TW90560,Micro BXR,A02,120102,BXR-01-10LE-A-31,PCS,6080,001,40,61140,,0100,Motor
A0031,OUT,DELTA,?é‘äÌ,2021-08-12,2021-11-29,TW90560,Micro BXR,A02,120102,BXR-01-10LE-A-31,PCS,6080,001,40,61140,,0100,Motor
A0031,OUT,DELTA,?é‘äÌ,2021-08-12,2021-11-29,TW90560,Micro BXR,A02,120102,BXR-01-10LE-A-31,PCS,6080,001,40,61140,,0100,Motor
A0031,OUT,DELTA,?é‘äÌ,2021-08-12,2021-11-22,TW90610,Micro BXR,A02,120102,BXR-01-10LE-A-32,PCS,6080,001,40,61140,,0100,Motor
A0031,OUT,DELTA,?é‘äÌ,2021-08-12,2021-11-22,TW90610,Micro BXR,A02,120102,BXR-01-10LE-A-32,PCS,6080,001,40,61140,,0100,Motor
A0031,OUT,DELTA,?é‘äÌ,2021-08-12,2021-11-22,TW90610,Micro BXR,A02,120102,BXR-01-10LE-A-32,PCS,6080,001,40,61140,,0100,Motor
A0031,OUT,DELTA,?é‘äÌ,2021-08-12,2021-11-29,TW90610,Micro BXR,A02,120102,BXR-01-10LE-A-32,PCS,6080,001,40,61140,,0100,Motor
A0031,OUT,DELTA,?é‘äÌ,2021-08-12,2021-11-29,TW90610,Micro BXR,A02,120102,BXR-01-10LE-A-32,PCS,6080,001,40,61140,,0100,Motor
A0031,OUT,DELTA,?é‘äÌ,2021-08-12,2021-12-20,TW90857,Micro BXR,A02,120102,BXR-025-10LE-A-8,PCS,4800,001,40,48269,,0100,Motor
A0031,OUT,DELTA,?é‘äÌ,2021-08-12,2021-11-29,TW90858,Micro BXR,A02,120102,BXR-025-10LE-A-10,PCS,4800,001,40,48269,,0100,Motor
A0031,OUT,DELTA,?é‘äÌ,2021-08-12,2021-12-20,TW90858,Micro BXR,A02,120102,BXR-025-10LE-A-10,PCS,4800,001,40,48269,,0100,Motor
A0031,OUT,DELTA,?é‘äÌ (ï€?ïi),2021-08-12,2021-12-17,TW90987,Micro BXW,A02,120101,BXW-03-10-115,PCS,2150,001,2000,1081020,,0100,Motor
A0031,OUT,DELTA,?é‘äÌ (ï€?ïi),2021-08-12,2022-01-07,TW90987,Micro BXW,A02,120101,BXW-03-10-115,PCS,2150,001,2000,1081020,,0100,Motor
A0031,OUT,DELTA,?é‘äÌ (ï€?ïi),2021-08-12,2022-01-21,TW90987,Micro BXW,A02,120101,BXW-03-10-115,PCS,2150,001,2000,1081020,,0100,Motor
A0031,OUT,DELTA,?é‘äÌ (ï€?ïi),2021-08-12,2022-02-11,TW90987,Micro BXW,A02,120101,BXW-03-10-115,PCS,2150,001,2000,1081020,,0100,Motor
A0031,OUT,DELTA,?é‘äÌ (ï€?ïi),2021-08-12,2022-02-25,TW90987,Micro BXW,A02,120101,BXW-03-10-115,PCS,2150,001,2000,1081020,,0100,Motor
A0031,OUT,DELTA,?é‘äÌ (ï€?ïi),2021-08-12,2022-01-14,TW90989,Micro BXW,A02,120101,BXW-03-10-116,PCS,2150,001,500,270255,,0100,Motor
A0031,OUT,DELTA,?é‘äÌ (ï€?ïi),2021-08-12,2021-12-17,TW90988,Micro BXW,A02,120101,BXW-05-10-72,PCS,2430,001,1500,916353,,0100,Motor
A0031,OUT,DELTA,?é‘äÌ (ï€?ïi),2021-08-12,2022-01-14,TW90988,Micro BXW,A02,120101,BXW-05-10-72,PCS,2430,001,1500,916353,,0100,Motor
A0031,OUT,DELTA,?é‘äÌ,2021-08-12,2021-11-22,TW90745,STD BXR,A02,140102,BXR-14-10-A-57,PCS,7950,001,80,159890,,0100,Motor
A0031,OUT,DELTA,?é‘äÌ,2021-08-12,2021-11-22,TW90745,STD BXR,A02,140102,BXR-14-10-A-57,PCS,7950,001,80,159890,,0100,Motor
A0031,OUT,DELTA,?é‘äÌ,2021-08-12,2021-11-22,TW90745,STD BXR,A02,140102,BXR-14-10-A-57,PCS,7950,001,80,159890,,0100,Motor
A0031,OUT,DELTA,?é‘äÌ,2021-08-12,2021-11-29,TW90745,STD BXR,A02,140102,BXR-14-10-A-57,PCS,7950,001,80,159890,,0100,Motor
A0031,OUT,DELTA,?é‘äÌ,2021-08-12,2021-11-29,TW90745,STD BXR,A02,140102,BXR-14-10-A-57,PCS,7950,001,80,159890,,0100,Motor
A0031,OUT,DELTA,?é‘äÌ,2021-08-12,2021-11-29,TW90745,STD BXR,A02,140102,BXR-14-10-A-57,PCS,7950,001,80,159890,,0100,Motor
A0031,OUT,DELTA,?é‘äÌ,2021-08-12,2021-12-06,TW90745,STD BXR,A02,140102,BXR-14-10-A-57,PCS,7950,001,80,159890,,0100,Motor
A0031,OUT,DELTA,?é‘äÌ,2021-08-12,2021-12-06,TW90745,STD BXR,A02,140102,BXR-14-10-A-57,PCS,7950,001,80,159890,,0100,Motor
A0031,OUT,DELTA,?é‘äÌ,2021-08-12,2021-12-06,TW90745,STD BXR,A02,140102,BXR-14-10-A-57,PCS,7950,001,80,159890,,0100,Motor
A0031,OUT,DELTA,?é‘äÌ,2021-08-12,2021-12-13,TW90745,STD BXR,A02,140102,BXR-14-10-A-57,PCS,7950,001,80,159890,,0100,Motor
A0031,OUT,DELTA,?é‘äÌ,2021-08-12,2021-12-13,TW90745,STD BXR,A02,140102,BXR-14-10-A-57,PCS,7950,001,80,159890,,0100,Motor
A0031,OUT,DELTA,?é‘äÌ,2021-08-12,2021-12-13,TW90745,STD BXR,A02,140102,BXR-14-10-A-57,PCS,7950,001,80,159890,,0100,Motor
A0031,OUT,DELTA,?é‘äÌ,2021-08-12,2021-12-20,TW90745,STD BXR,A02,140102,BXR-14-10-A-57,PCS,7950,001,80,159890,,0100,Motor
A0031,OUT,DELTA,?é‘äÌ,2021-08-12,2021-12-20,TW90745,STD BXR,A02,140102,BXR-14-10-A-57,PCS,7950,001,80,159890,,0100,Motor
A0031,OUT,DELTA,?é‘äÌ,2021-08-12,2021-12-20,TW90745,STD BXR,A02,140102,BXR-14-10-A-57,PCS,7950,001,80,159890,,0100,Motor
A0031,OUT,DELTA,?é‘äÌ,2021-08-12,2021-12-20,TW90745,STD BXR,A02,140102,BXR-14-10-A-57,PCS,7950,001,80,159890,,0100,Motor
A0031,OUT,DELTA,?é‘äÌ,2021-08-12,2021-12-20,TW90745,STD BXR,A02,140102,BXR-14-10-A-57,PCS,7950,001,80,159890,,0100,Motor
A0031,OUT,DELTA,?é‘äÌ,2021-08-12,2021-12-20,TW90745,STD BXR,A02,140102,BXR-14-10-A-57,PCS,7950,001,80,159890,,0100,Motor
A0031,OUT,DELTA,?é‘äÌ,2021-08-12,2021-12-20,TW90745,STD BXR,A02,140102,BXR-14-10-A-57,PCS,7950,001,80,159890,,0100,Motor
A0031,OUT,DELTA,?é‘äÌ,2021-08-12,2021-12-20,TW90745,STD BXR,A02,140102,BXR-14-10-A-57,PCS,7950,001,80,159890,,0100,Motor
A0031,OUT,DELTA,?é‘äÌ,2021-08-12,2021-12-20,TW90745,STD BXR,A02,140102,BXR-14-10-A-57,PCS,7950,001,80,159890,,0100,Motor
A0031,OUT,DELTA,?é‘äÌ,2021-08-12,2021-11-29,TW91239,Micro BXR,A02,120102,BXR-040-10LE-A-16,PCS,7800,001,30,58828,,0100,Motor
A0031,OUT,DELTA,?é‘äÌ,2021-08-12,2021-12-06,TW91239,Micro BXR,A02,120102,BXR-040-10LE-A-16,PCS,7800,001,30,58828,,0100,Motor
A0031,OUT,DELTA,?é‘äÌ,2021-08-12,2021-12-06,TW91240,Micro BXR,A02,120102,BXR-020-10LE-A-8,PCS,6500,001,40,65364,,0100,Motor
A0031,OUT,DELTA,?é‘äÌ (ï€?ïi),2021-08-12,2022-02-07,TW90989,Micro BXW,A02,120101,BXW-03-10-116,PCS,2150,001,80,45403,,0100,Motor
A0031,OUT,DELTA,?é‘äÌ,2021-10-04,2022-02-21,127865800,STD BXR,A02,140102,BXR-10-10-A-53,PCS,3870,001,80,77090,,0100,Motor
A0031,OUT,DELTA,?é‘äÌ,2021-10-04,2022-02-21,127865800,STD BXR,A02,140102,BXR-10-10-A-53,PCS,3870,001,80,77090,,0100,Motor
A0031,OUT,DELTA,?é‘äÌ,2021-10-04,2022-02-21,127865800,STD BXR,A02,140102,BXR-10-10-A-53,PCS,3870,001,80,77090,,0100,Motor
A0031,OUT,DELTA,?é‘äÌ,2021-10-04,2022-02-21,127974400,STD BXR,A02,140102,BXR-14-10-A-41,PCS,5480,001,80,109162,,0100,Motor
A0031,OUT,DELTA,?é‘äÌ (ï€?ïi),2021-11-23,2022-02-02,TW90989,Micro BXW,A02,120101,BXW-03-10-116,PCS,2150,001,500,260043,,0100,Motor
A0031,OUT,DELTA,?é‘äÌ (ï€?ïi),2021-11-23,2022-03-02,TW90989,Micro BXW,A02,120101,BXW-03-10-116,PCS,2150,001,500,260043,,0100,Motor
A0031,OUT,DELTA,?é‘äÌ (ï€?ïi),2021-11-23,2022-04-02,TW90989,Micro BXW,A02,120101,BXW-03-10-116,PCS,2150,001,500,260043,,0100,Motor
A0031,OUT,DELTA,?é‘äÌ,2021-12-06,2022-02-15,TW90160,STD BXR,A02,140102,BXR-08-10-A-54,PCS,3880,001,80,74186,,0100,Motor
A0031,OUT,DELTA,?é‘äÌ (ï€?ïi),2021-12-06,2022-03-15,TW90986,Micro BXW,A02,120101,BXW-01-10-107,PCS,2135,001,100,53578,,0100,Motor
A0031,OUT,DELTA,?é‘äÌ (ï€?ïi),2021-12-06,2022-01-25,TW90987,Micro BXW,A02,120101,BXW-03-10-115,PCS,2150,001,200,107909,,0100,Motor
A0031,OUT,DELTA,?é‘äÌ (ï€?ïi),2021-12-06,2022-02-08,TW90987,Micro BXW,A02,120101,BXW-03-10-115,PCS,2150,001,200,107909,,0100,Motor
A0031,OUT,DELTA,?é‘äÌ (ï€?ïi),2021-12-06,2022-02-22,TW90987,Micro BXW,A02,120101,BXW-03-10-115,PCS,2150,001,200,107909,,0100,Motor
A0031,OUT,DELTA,?é‘äÌ (ï€?ïi),2021-12-06,2022-01-25,TW90988,Micro BXW,A02,120101,BXW-05-10-72,PCS,2430,001,100,60981,,0100,Motor
A0031,OUT,DELTA,?é‘äÌ (ï€?ïi),2021-12-06,2022-02-22,TW90988,Micro BXW,A02,120101,BXW-05-10-72,PCS,2430,001,100,60980,,0100,Motor
A0031,OUT,DELTA,?é‘äÌ,2021-12-15,2022-01-19,TW93019,Micro BXR,A02,120102,BXR-035-10LE-A-49,PCS,6770,001,40,65642,,0100,Motor
A0031,OUT,DELTA,?é‘äÌ,2021-12-15,2022-01-19,TW93020,Micro BXR,A02,120102,BXR-035-10LE-A-50,PCS,6770,001,40,65642,,0100,Motor
A0031,OUT,DELTA,?é‘äÌ,2021-12-29,2022-03-14,TW90745,STD BXR,A02,140102,BXR-14-10-A-57,PCS,7950,001,80,154230,,0100,Motor
A0031,OUT,DELTA,?é‘äÌ,2021-12-29,2022-03-14,TW90745,STD BXR,A02,140102,BXR-14-10-A-57,PCS,7950,001,80,154230,,0100,Motor
A0031,OUT,DELTA,?é‘äÌ,2021-12-29,2022-03-14,TW90745,STD BXR,A02,140102,BXR-14-10-A-57,PCS,7950,001,80,154230,,0100,Motor
A0031,OUT,DELTA,?é‘äÌ,2021-12-29,2022-03-14,TW90745,STD BXR,A02,140102,BXR-14-10-A-57,PCS,7950,001,80,154230,,0100,Motor
A0031,OUT,DELTA,?é‘äÌ,2021-12-29,2022-03-14,TW90745,STD BXR,A02,140102,BXR-14-10-A-57,PCS,7950,001,80,154230,,0100,Motor
A0031,OUT,DELTA,?é‘äÌ,2021-12-29,2022-03-14,TW90745,STD BXR,A02,140102,BXR-14-10-A-57,PCS,7950,001,80,154230,,0100,Motor
A0031,OUT,DELTA,?é‘äÌ,2021-12-29,2022-03-14,TW90745,STD BXR,A02,140102,BXR-14-10-A-57,PCS,7950,001,80,154230,,0100,Motor
A0031,OUT,DELTA,?é‘äÌ,2021-12-29,2022-03-14,TW90745,STD BXR,A02,140102,BXR-14-10-A-57,PCS,7950,001,80,154230,,0100,Motor
A0031,OUT,DELTA,?é‘äÌ,2021-12-29,2022-03-14,TW90745,STD BXR,A02,140102,BXR-14-10-A-57,PCS,7950,001,80,154230,,0100,Motor
A0031,OUT,DELTA,?é‘äÌ,2021-12-29,2022-03-14,TW90745,STD BXR,A02,140102,BXR-14-10-A-57,PCS,7950,001,80,154230,,0100,Motor
A0031,OUT,DELTA,?é‘äÌ,2021-12-29,2022-03-22,TW90745,STD BXR,A02,140102,BXR-14-10-A-57,PCS,7950,001,80,154230,,0100,Motor
A0031,OUT,DELTA,?é‘äÌ,2021-12-29,2022-03-22,TW90745,STD BXR,A02,140102,BXR-14-10-A-57,PCS,7950,001,80,154230,,0100,Motor
A0031,OUT,DELTA,?é‘äÌ,2021-12-29,2022-03-22,TW90745,STD BXR,A02,140102,BXR-14-10-A-57,PCS,7950,001,80,154230,,0100,Motor
A0031,OUT,DELTA,?é‘äÌ,2021-12-29,2022-03-22,TW90745,STD BXR,A02,140102,BXR-14-10-A-57,PCS,7950,001,80,154230,,0100,Motor
A0031,OUT,DELTA,?é‘äÌ,2021-12-29,2022-03-22,TW90745,STD BXR,A02,140102,BXR-14-10-A-57,PCS,7950,001,80,154230,,0100,Motor
A0031,OUT,DELTA,?é‘äÌ,2021-12-29,2022-03-22,TW90745,STD BXR,A02,140102,BXR-14-10-A-57,PCS,7950,001,80,154230,,0100,Motor
A0031,OUT,DELTA,?é‘äÌ,2021-12-29,2022-03-22,TW90745,STD BXR,A02,140102,BXR-14-10-A-57,PCS,7950,001,80,154230,,0100,Motor
A0031,OUT,DELTA,?é‘äÌ,2021-12-29,2022-03-22,TW90745,STD BXR,A02,140102,BXR-14-10-A-57,PCS,7950,001,80,154230,,0100,Motor
A0031,OUT,DELTA,?é‘äÌ,2021-12-29,2022-03-22,TW90745,STD BXR,A02,140102,BXR-14-10-A-57,PCS,7950,001,80,154230,,0100,Motor
A0031,OUT,DELTA,?é‘äÌ,2021-12-29,2022-04-14,TW90745,STD BXR,A02,140102,BXR-14-10-A-57,PCS,7950,001,80,154230,,0100,Motor
A0031,OUT,DELTA,?é‘äÌ,2021-12-29,2022-04-14,TW90745,STD BXR,A02,140102,BXR-14-10-A-57,PCS,7950,001,80,154230,,0100,Motor
A0031,OUT,DELTA,?é‘äÌ,2021-12-29,2022-04-14,TW90745,STD BXR,A02,140102,BXR-14-10-A-57,PCS,7950,001,80,154230,,0100,Motor
A0031,OUT,DELTA,?é‘äÌ,2021-12-29,2022-04-14,TW90745,STD BXR,A02,140102,BXR-14-10-A-57,PCS,7950,001,80,154230,,0100,Motor
A0031,OUT,DELTA,?é‘äÌ,2021-12-29,2022-04-14,TW90745,STD BXR,A02,140102,BXR-14-10-A-57,PCS,7950,001,80,154230,,0100,Motor
A0031,OUT,DELTA,?é‘äÌ,2021-12-29,2022-04-14,TW90745,STD BXR,A02,140102,BXR-14-10-A-57,PCS,7950,001,80,154230,,0100,Motor
A0031,OUT,DELTA,?é‘äÌ,2021-12-29,2022-04-14,TW90745,STD BXR,A02,140102,BXR-14-10-A-57,PCS,7950,001,80,154230,,0100,Motor
A0031,OUT,DELTA,?é‘äÌ,2021-12-29,2022-04-14,TW90745,STD BXR,A02,140102,BXR-14-10-A-57,PCS,7950,001,80,154230,,0100,Motor
A0031,OUT,DELTA,?é‘äÌ,2021-12-29,2022-04-14,TW90745,STD BXR,A02,140102,BXR-14-10-A-57,PCS,7950,001,80,154230,,0100,Motor
A0031,OUT,DELTA,?é‘äÌ,2021-12-29,2022-04-14,TW90745,STD BXR,A02,140102,BXR-14-10-A-57,PCS,7950,001,80,154230,,0100,Motor
A0031,OUT,DELTA,?é‘äÌ,2021-12-29,2022-04-29,TW90745,STD BXR,A02,140102,BXR-14-10-A-57,PCS,7950,001,80,154230,,0100,Motor
A0031,OUT,DELTA,?é‘äÌ,2021-12-29,2022-04-29,TW90745,STD BXR,A02,140102,BXR-14-10-A-57,PCS,7950,001,80,154230,,0100,Motor
A0031,OUT,DELTA,?é‘äÌ,2021-12-29,2022-04-29,TW90745,STD BXR,A02,140102,BXR-14-10-A-57,PCS,7950,001,80,154230,,0100,Motor
A0031,OUT,DELTA,?é‘äÌ,2021-12-29,2022-04-29,TW90745,STD BXR,A02,140102,BXR-14-10-A-57,PCS,7950,001,80,154230,,0100,Motor
A0031,OUT,DELTA,?é‘äÌ,2021-12-29,2022-04-29,TW90745,STD BXR,A02,140102,BXR-14-10-A-57,PCS,7950,001,80,154230,,0100,Motor
A0031,OUT,DELTA,?é‘äÌ,2021-12-29,2022-04-29,TW90745,STD BXR,A02,140102,BXR-14-10-A-57,PCS,7950,001,80,154230,,0100,Motor
A0031,OUT,DELTA,?é‘äÌ,2021-12-29,2022-04-29,TW90745,STD BXR,A02,140102,BXR-14-10-A-57,PCS,7950,001,80,154230,,0100,Motor
A0031,OUT,DELTA,?é‘äÌ,2021-12-29,2022-04-29,TW90745,STD BXR,A02,140102,BXR-14-10-A-57,PCS,7950,001,80,154230,,0100,Motor
A0031,OUT,DELTA,?é‘äÌ,2021-12-29,2022-04-29,TW90745,STD BXR,A02,140102,BXR-14-10-A-57,PCS,7950,001,80,154230,,0100,Motor
A0031,OUT,DELTA,?é‘äÌ,2021-12-29,2022-04-29,TW90745,STD BXR,A02,140102,BXR-14-10-A-57,PCS,7950,001,80,154230,,0100,Motor
A0031,OUT,DELTA,?é‘äÌ,2021-12-29,2022-03-22,TW90745,STD BXR,A02,140102,BXR-14-10-A-57,PCS,7950,001,80,154230,,0100,Motor
A0030,OUT,ACE PILLER,ó¸é≤äÌ,2021-08-10,2021-12-21,104298200,Centaflex,A02,210100,CF-X-008-OB,PCS,28.3,002,30,24934,Cymtek Solut,8000,Trading company
A0030,OUT,ACE PILLER,ó¸é≤äÌ,2021-09-24,2021-12-15,127411200,Servo Rigid,A02,230300,SRG-070BS-T015,PCS,43.8,002,20,25410,KURAKI TAIWA,8000,Trading company
A0030,OUT,ACE PILLER,ó¸é≤äÌ,2021-10-05,2022-02-18,104306900,Centaflex,A02,210100,CF-A-016-SB-1360,PCS,67,002,5,9734.167,JOEN LIH MAC,8000,Trading company
A0030,OUT,ACE PILLER,ó¸é≤äÌ,2021-10-14,2022-02-11,130284000,Servoflex SFS/SFF/SFM/SFH,A02,230200,SFF-090SS-38K-42K-300N,PCS,79,002,6,13853,VICTOR TAICH,8000,Trading company
A0030,OUT,ACE PILLER,ó¸é≤äÌ,2021-10-14,2022-01-17,127300300,Servoflex SFS/SFF/SFM/SFH,A02,230200,SFF-060DS-19B-24B-60N,PCS,99.5,002,11,31988.688,WAIDA FEELER,8000,Trading company
A0030,OUT,ACE PILLER,ó£çáäÌ/?é‘äÌëgåè,2021-10-29,2021-12-10,103611800,CB Unit,A02,130200,121-25-20-A-13,PCS,1020.9,002,2,59987,CHEN-E MACHI,8000,Trading company
A0030,OUT,ACE PILLER,ô≠é•å^ó£çáäÌ,2021-10-29,2021-12-10,111316900,STD CB,A02,130100,101-25-15-A-43,PCS,581.8,002,1,17092,CHEN-E MACHI,8000,Trading company
A0030,OUT,ACE PILLER,ó¸é≤äÌ,2021-11-09,2021-12-06,104221800,Centaflex,A02,210100,CF-A-002-OB-1360,PCS,14.7,002,40,17170,gnosis,8000,Trading company
A0030,OUT,ACE PILLER,ó¸é≤äÌ,2021-11-12,2022-02-10,127719700,Servoflex SFC,A02,230100,SFC-030DA2-10B-14B,PCS,447,,45,21121,TEST RESEARC,8000,Trading company
A0030,OUT,ACE PILLER,ó¸é≤äÌ,2021-11-12,2022-03-03,127724200,Servoflex SFC,A02,230100,SFC-035DA2-12B-14B,PCS,541,,184,104521,TEST RESEARC,8000,Trading company
A0030,OUT,ACE PILLER,ó¸é≤äÌ,2021-11-12,2022-04-07,127724200,Servoflex SFC,A02,230100,SFC-035DA2-12B-14B,PCS,541,,114,64758,TEST RESEARC,8000,Trading company
A0030,OUT,ACE PILLER,ó¸é≤äÌ,2021-11-12,2022-03-03,127719700,Servoflex SFC,A02,230100,SFC-030DA2-10B-14B,PCS,447,,103,48343,TEST RESEARC,8000,Trading company
A0030,OUT,ACE PILLER,ó¸é≤äÌ,2021-11-12,2022-03-03,127728800,Servoflex SFC,A02,230100,SFC-040DA2-12B-19B,PCS,612,,91,58477,TEST RESEARC,8000,Trading company
A0030,OUT,ACE PILLER,ó¸é≤äÌ,2021-11-12,2022-02-10,127728800,Servoflex SFC,A02,230100,SFC-040DA2-12B-19B,PCS,612,,256,164505,TEST RESEARC,8000,Trading company
A0030,OUT,ACE PILLER,?é‘äÌ,2021-11-15,2022-02-08,121806700,STD BXH,A02,140104,BXH-06-10G 90V 11DIN,PCS,41.6,002,3,3645.6,"BELOR CO., L",8000,Trading company
A0030,OUT,ACE PILLER,ì…‰Pä¬,2021-11-15,2021-12-22,024006400,Centaflex,A02,210100,Element-CF-B-140,PCS,22.8,002,1,666,AWEA MECHANT,8000,Trading company
A0030,OUT,ACE PILLER,ô≠é•?é‘äÌ,2021-11-18,2021-12-30,128116800,STD CB,A02,130100,111-10-11G 24V 15DIN,PCS,66.5,002,6,11655,TIAN CHERNG,8000,Trading company
A0030,OUT,ACE PILLER,ó¸é≤äÌ,2021-11-19,2022-03-16,129563700,Servoflex SFS/SFF/SFM/SFH,A02,230200,SFF-120DS-40K-40K-600N,PCS,133.6,002,1,3903,QUALTECH CO.,8000,Trading company
A0030,OUT,ACE PILLER,ó¸é≤äÌ,2021-11-23,2022-01-18,104949500,Banmann,A02,250200,MM-20K,PCS,64.4,002,1,1875,hsinyin,8000,Trading company
A0030,OUT,ACE PILLER,éwé¶éËïø,2021-11-23,2022-01-18,033029300,Index Handle,A02,310700,SD-75B-64R,PCS,17.1,002,2,995,hsinyin,8000,Trading company
A0030,OUT,ACE PILLER,ô≠é•å^ó£çáäÌ,2021-11-23,2022-01-14,123671100,STD CB,A02,130100,CS-16-33HG 24V 30JIS,PCS,190.1,002,10,55351,SETEK Techno,8000,Trading company
A0030,OUT,ACE PILLER,îÁõÊéÆñ≥íiùÃë¨ã@ëgåè,2021-11-25,2022-02-22,TW90809,Belt Type Speed Drive,A02,310100,AK-185-MA-28N,PCS,71.26,002,2,4150,Chengxing En,8000,Trading company
A0030,OUT,ACE PILLER,ìdû‚î¬,2021-11-25,2022-01-19,070991100,Toothed Clutch,A02,150100,Armature Type 4 546-31-34 N.S,PCS,840,002,2,48915,TSUNG SHENG,8000,Trading company
A0030,OUT,ACE PILLER,ì…‰Pä¬,2021-11-30,2022-03-01,104420100,Centaflex,A02,210100,Element-CF-H-140,PCS,25.6,002,8,5966,Yongjing Tra,8000,Trading company
A0030,OUT,ACE PILLER,ì…‰Pä¬,2021-11-30,2022-03-01,104394200,Centaflex,A02,210100,Element-CF-H-050,PCS,43,002,2,2505,Yongjing Tra,8000,Trading company
A0030,OUT,ACE PILLER,ó¸é≤äÌ,2021-11-30,2022-03-01,104365000,Centaflex,A02,210100,CF-H-050-OB,PCS,84,002,2,4894,Yongjing Tra,8000,Trading company
A0030,OUT,ACE PILLER,ó¸é≤äÌ,2021-11-30,2022-03-01,104417300,Centaflex,A02,210100,CF-H-140-O1,PCS,208.1,002,2,12125,Yongjing Tra,8000,Trading company
A0030,OUT,ACE PILLER,î˜å^ô≠é•å^ó£çáäÌ,2021-11-30,2022-01-13,103197500,Micro CB,A02,110100,102-05-33 24V 10,PCS,39.7,002,10,11566,Baihuang Mot,8000,Trading company
A0030,OUT,ACE PILLER,ó£çáäÌ/?é‘äÌëgåè,2021-12-01,2022-01-14,122646400,CB Unit,A02,130200,125-10-12G,PCS,292.7,002,1,8527,CHEN-E MACHI,8000,Trading company
A0030,OUT,ACE PILLER,ó£çáäÌ/?é‘äÌëgåè,2021-12-01,2022-01-14,122646500,CB Unit,A02,130200,125-12-12G,PCS,406.8,002,2,23702,CHEN-E MACHI,8000,Trading company
A0030,OUT,ACE PILLER,ó£çáäÌ/?é‘äÌëgåè,2021-12-01,2022-01-14,122646500,CB Unit,A02,130200,125-12-12G,PCS,406.8,002,5,59255,GODSWILL PAP,8000,Trading company
A0030,OUT,ACE PILLER,ó£çáäÌ/?é‘äÌëgåè,2021-12-01,2022-01-14,103611800,CB Unit,A02,130200,121-25-20-A-13,PCS,1020.9,002,2,59483,CHEN-E MACHI,8000,Trading company
A0030,OUT,ACE PILLER,ô≠é•å^ó£çáäÌ,2021-12-01,2022-01-14,111316900,STD CB,A02,130100,101-25-15-A-43,PCS,581.8,002,4,67796,CHEN-E MACHI,8000,Trading company
A0030,OUT,ACE PILLER,ó¸é≤äÌ,2021-12-03,2022-01-20,104949500,Banmann,A02,250200,MM-20K,PCS,64.4,002,1,1876,hsinyin,8000,Trading company
A0030,OUT,ACE PILLER,ó¸é≤äÌ,2021-12-03,2022-01-20,104473100,Centaflex,A02,210100,CF-A-012-O2-1360,PCS,51.3,002,12,17934,CHENG SHIN R,8000,Trading company
A0030,OUT,ACE PILLER,éwé¶éËïø,2021-12-03,2022-01-20,033063900,Index Handle,A02,310700,SD-75B-64L,PCS,17.1,002,2,996,hsinyin,8000,Trading company
A0030,OUT,ACE PILLER,éwé¶éËïø,2021-12-03,2022-01-20,033029300,Index Handle,A02,310700,SD-75B-64R,PCS,17.1,002,2,996,hsinyin,8000,Trading company
A0030,OUT,ACE PILLER,ìdé•ÍèéÆó£çáäÌ,2021-12-03,2022-01-20,103528600,Toothed Clutch,A02,150100,546-12-34-NF 24V 10DIN,PCS,318.4,002,3,27827,FULLTECH FIB,8000,Trading company
A0030,OUT,ACE PILLER,ó¸é≤äÌ,2021-12-03,2022-01-20,104597300,Servoflex SFS/SFF/SFM/SFH,A02,230200,SFS-08S-22H-35H,PCS,80.4,002,2,4684,Chang Chun G,8000,Trading company
A0030,OUT,ACE PILLER,ô≠é•å^ó£çáäÌ,2021-12-03,2022-01-13,123420300,STD CB,A02,130100,101-16-15G 24V R30DIN A30DIN,PCS,199.6,002,2,11632,tena,8000,Trading company
A0030,OUT,ACE PILLER,ó¸é≤äÌ,2021-12-03,2022-02-18,104496200,Centaflex,A02,210100,CF-A-200-OB-1360,PCS,217.4,002,1,6334,Hundred Dyna,8000,Trading company
A0030,OUT,ACE PILLER,ödéÆâ¬ùÃêﬂö¢õÊó÷,2021-12-03,2022-02-10,100047500,Belt Type Speed Drive,A02,310100,AP-124-MA 24MM,PCS,62.75,002,6,10968,Jiawei Enter,8000,Trading company
A0030,OUT,ACE PILLER,ó¸é≤äÌ,2021-12-07,2022-01-27,TW90164,Servoflex SFC,A02,230100,SFC-080SA2-28B-32K,PCS,900,,1,944,GOODWAY MACH,8000,Trading company
A0030,OUT,ACE PILLER,?é‘äÌ,2021-12-07,2022-02-23,121513000,Micro BXW,A02,120101,BXW-02-10H-24V-7 JP,PCS,23.9,002,20,13925,SANWA ENGINE,8000,Trading company
A0030,OUT,ACE PILLER,ó¸é≤äÌ,2021-12-07,2022-04-01,130284000,Servoflex SFS/SFF/SFM/SFH,A02,230200,SFF-090SS-38K-42K-300N,PCS,79,002,2,4603,VICTOR TAICH,8000,Trading company
A0030,OUT,ACE PILLER,ìdåπÂ‰íu,2021-12-07,2022-05-20,121706500,CB Power Supply,A02,190100,BEM-2H 360L,PCS,6.8,002,250,49525,RU LONG WOOD,8000,Trading company
A0030,OUT,ACE PILLER,ìdåπÂ‰íu,2021-12-07,2022-02-21,121706500,CB Power Supply,A02,190100,BEM-2H 360L,PCS,6.8,002,40,7925,RU LONG WOOD,8000,Trading company
A0030,OUT,ACE PILLER,?é‘äÌ,2021-12-07,2022-05-20,121804500,STD BXL,A02,140103,BXL-08-10G 90V 14DIN,PCS,46.8,002,200,272678,RU LONG WOOD,8000,Trading company
A0030,OUT,ACE PILLER,?é‘äÌ,2021-12-07,2022-02-21,121804500,STD BXL,A02,140103,BXL-08-10G 90V 14DIN,PCS,46.8,002,40,54536,RU LONG WOOD,8000,Trading company
A0030,OUT,ACE PILLER,ó¸é≤äÌ,2021-12-08,2022-02-10,127751400,Servoflex SFC,A02,230100,SFC-080SA2-30B-35B,PCS,876,,5,4599,ACCUWAY MACH,8000,Trading company
A0030,OUT,ACE PILLER,îÁõÊéÆñ≥íiùÃë¨ã@ëgåè,2021-12-08,2022-02-21,TW91052,Belt Type Speed Drive,A02,310100,PE-216-MA-28H-78KG,PCS,89.34,002,1,2603,Da Xia,8000,Trading company
A0030,OUT,ACE PILLER,ã@äBéÆé≤çΩé~,2021-12-08,2022-01-12,123141500,Posi-Lock,A02,260200,PSL-D-14,PCS,43.8,002,1,1276,CORNING DISP,8000,Trading company
A0030,OUT,ACE PILLER,?é‘äÌ,2021-12-10,2022-01-07,121509700,Micro BXW,A02,120101,BXW-02-10L-24V-6 JP,PCS,23.9,002,5,3482,Hermes-Epite,8000,Trading company
A0030,OUT,ACE PILLER,îÁõÊéÆñ≥íiùÃë¨ã@ëgåè,2021-12-10,2022-01-20,TW90819,Belt Type Speed Drive,A02,310100,PE-124-MA-15K,PCS,32.39,002,3,2831,Ho-Shin Auto,8000,Trading company
A0030,OUT,ACE PILLER,ödéÆâ¬ùÃêﬂö¢õÊó÷,2021-12-10,2022-02-01,TW90815,Belt Type Speed Drive,A02,310100,AP-86-MA 11MM,PCS,38.32,002,5,5582,NEWLONG TAIW,8000,Trading company
A0030,OUT,ACE PILLER,ödéÆâ¬ùÃêﬂö¢õÊó÷,2021-12-10,2022-02-01,TW90820,Belt Type Speed Drive,A02,310100,P-86-MA 11MM,PCS,26.05,002,5,3794,NEWLONG TAIW,8000,Trading company
A0030,OUT,ACE PILLER,ó¸é≤äÌ,2021-12-10,2022-02-21,TW90629,ALS-AL,A02,220201,ALS-040-R-14N-15H,PCS,1084,,1,1138,EXPERTISE EL,8000,Trading company
A0030,OUT,ACE PILLER,ô≠é•?é‘äÌ,2021-12-10,2022-01-21,122298500,STD CB,A02,130100,111-25-12G 24V 60JIS,PCS,431.2,002,1,12563,CHEN-E MACHI,8000,Trading company
A0030,OUT,ACE PILLER,ó¸é≤äÌ,2021-12-10,2022-01-19,104534600,Servoflex SFS/SFF/SFM/SFH,A02,230200,SFS-05S,PCS,37.2,002,2,2167,ë‰‡sâ¿î¸çHå“,8000,Trading company
A0030,OUT,ACE PILLER,ó£çáäÌ/?é‘äÌëgåè,2021-12-10,2022-01-21,103629900,CB Unit,A02,130200,125-20-12-A-11,PCS,870,002,1,25345,CHEN-E MACHI,8000,Trading company
A0030,OUT,ACE PILLER,ó£çáäÌ/?é‘äÌëgåè,2021-12-10,2022-01-21,103611800,CB Unit,A02,130200,121-25-20-A-13,PCS,1020.9,002,1,29741,CHEN-E MACHI,8000,Trading company
A0030,OUT,ACE PILLER,ì…‰Pä¬,2021-12-10,2022-02-14,024006400,Centaflex,A02,210100,Element-CF-B-140,PCS,22.8,002,3,1993,SHANG YING E,8000,Trading company
A0030,OUT,ACE PILLER,ödéÆâ¬ùÃêﬂö¢õÊó÷,2021-12-10,2022-02-07,TW90888,Belt Type Speed Drive,A02,310100,AP-124-MA 22MM,PCS,62.75,002,4,7312,Jiawei Enter,8000,Trading company
A0030,OUT,ACE PILLER,ödéÆâ¬ùÃêﬂö¢õÊó÷,2021-12-10,2022-02-07,TW90824,Belt Type Speed Drive,A02,310100,P-124-MA 24MM,PCS,49.62,002,2,2891,Jiawei Enter,8000,Trading company
A0030,OUT,ACE PILLER,ó¸é≤äÌ,2021-12-13,2022-01-21,127915600,Servoflex SFC,A02,230100,SFC-060SA2-20B-22B-T027,PCS,965,,50,50663,NIDEC SANKYO,8000,Trading company
A0030,OUT,ACE PILLER,ödéÆâ¬ùÃêﬂö¢õÊó÷,2021-12-13,2022-03-10,100047500,Belt Type Speed Drive,A02,310100,AP-124-MA 24MM,PCS,62.75,002,6,10937,Jiawei Enter,8000,Trading company
A0030,OUT,ACE PILLER,ó¸é≤äÌ,2021-12-13,2022-03-10,104478200,Centaflex,A02,210100,CF-A-022-O0-1360,PCS,25.6,002,20,14872,LA SUERTE EN,8000,Trading company
A0030,OUT,ACE PILLER,ó¸é≤äÌ,2021-12-13,2022-03-10,104473100,Centaflex,A02,210100,CF-A-012-O2-1360,PCS,51.3,002,10,14902,LA SUERTE EN,8000,Trading company
A0030,OUT,ACE PILLER,ô≠é•?é‘äÌ,2021-12-13,2022-02-01,122279000,STD CB,A02,130100,111-06-11G-24V 15JIS,PCS,31.77,002,4,3692,C SUN MFG. L,8000,Trading company
A0030,OUT,ACE PILLER,ô≠é•?é‘äÌ,2021-12-13,2021-12-31,122279000,STD CB,A02,130100,111-06-11G-24V 15JIS,PCS,31.77,002,2,1846,C SUN MFG. L,8000,Trading company
A0030,OUT,ACE PILLER,ó¸é≤äÌ,2021-12-13,2022-03-10,104277700,Centaflex,A02,210100,CF-A-008-O2-1360,PCS,41.6,002,10,12084,LA SUERTE EN,8000,Trading company
A0030,OUT,ACE PILLER,ô≠é•å^ó£çáäÌ,2021-12-13,2022-02-01,TW92240,STD CB,A02,130100,CS-06-33-A-78 TPI,PCS,33.55,002,4,3899,C SUN MFG. L,8000,Trading company
A0030,OUT,ACE PILLER,ô≠é•å^ó£çáäÌ,2021-12-13,2021-12-31,TW92240,STD CB,A02,130100,CS-06-33-A-78 TPI,PCS,33.55,002,2,1948,C SUN MFG. L,8000,Trading company
A0030,OUT,ACE PILLER,ã@äBéÆé≤çΩé~,2021-12-15,2022-01-20,123141700,Posi-Lock,A02,260200,PSL-D-16,PCS,50.5,002,5,7334,SHIN I MACHI,8000,Trading company
A0030,OUT,ACE PILLER,ó¸é≤äÌ,2021-12-15,2022-01-21,104472900,Centaflex,A02,210100,CF-A-012-OB-1360,PCS,26.9,002,10,7814,KWANG YANG M,8000,Trading company
A0030,OUT,ACE PILLER,ô≠é•?é‘äÌ,2021-12-15,2022-01-20,122279000,STD CB,A02,130100,111-06-11G-24V 15JIS,PCS,31.77,002,22,20303,C SUN MFG. L,8000,Trading company
A0030,OUT,ACE PILLER,éwé¶éËïø,2021-12-15,2022-01-20,033063900,Index Handle,A02,310700,SD-75B-64L,PCS,17.1,002,2,993,hsinyin,8000,Trading company
A0030,OUT,ACE PILLER,ödéÆâ¬ùÃêﬂö¢õÊó÷,2021-12-15,2022-02-14,TW91387,Belt Type Speed Drive,A02,310100,AP-98-MA 15MM,PCS,41,002,1,1191,morinaga,8000,Trading company
A0030,OUT,ACE PILLER,ödéÆâ¬ùÃêﬂö¢õÊó÷,2021-12-15,2022-02-14,TW91191,Belt Type Speed Drive,A02,310100,AP-98-MA 16MM,PCS,41,002,1,1191,morinaga,8000,Trading company
A0030,OUT,ACE PILLER,ó¸é≤äÌ,2021-12-15,2022-01-14,071287100,Paraflex,A02,290100,CPU-36-A-10B-10B,PCS,54.5,002,3,4749,KINGBARY SCI,8000,Trading company
A0030,OUT,ACE PILLER,ÁzãÈå¿êßäÌ,2021-12-15,2022-01-20,127232900,Torque Limiters,A02,310500,TT-2X-03-16H-15NM-P,PCS,148.5,002,5,21568,SHIN I MACHI,8000,Trading company
A0030,OUT,ACE PILLER,ó¸é≤äÌ,2021-12-15,2022-01-19,130543600,Servoflex SFS/SFF/SFM/SFH,A02,230200,SFC-055SA2-17B-22B,PCS,43.5,002,1,1264,TOYO AUTOMAT,8000,Trading company
A0030,OUT,ACE PILLER,éwé¶éËïø,2021-12-15,2022-01-20,033029300,Index Handle,A02,310700,SD-75B-64R,PCS,17.1,002,2,993,hsinyin,8000,Trading company
A0030,OUT,ACE PILLER,ó¸é≤äÌ,2021-12-15,2022-03-11,104398700,Centaflex,A02,210100,CF-A-090-O2-1360,PCS,189.8,002,5,27567,DRAGON STEEL,8000,Trading company
A0030,OUT,ACE PILLER,ìdé•ÍèéÆó£çáäÌ,2021-12-15,2022-01-26,103548600,Toothed Clutch,A02,150100,546-23-34-NF 24V 30DIN,PCS,948.7,002,5,137790,SOCO MACHINE,8000,Trading company
A0030,OUT,ACE PILLER,ô≠é•å^ó£çáäÌ,2021-12-15,2022-01-20,TW92240,STD CB,A02,130100,CS-06-33-A-78 TPI,PCS,33.55,002,22,21441,C SUN MFG. L,8000,Trading company
A0030,OUT,ACE PILLER,?é‘äÌ,2021-12-15,2022-01-14,111720200,STD 458,A02,140105,458-10-17 24V 20DIN,PCS,190.1,002,2,11044,CHAIN WE MAC,8000,Trading company
A0030,OUT,ACE PILLER,ó¸é≤äÌ,2021-12-17,2022-03-04,127739700,Servoflex SFC,A02,230100,SFC-050SA2-18B-18B,PCS,594,,2,1247,TANSHING ACC,8000,Trading company
A0030,OUT,ACE PILLER,ó¸é≤äÌ,2021-12-17,2022-01-19,104641500,Servoflex SFS/SFF/SFM/SFH,A02,230200,SFS-09S,PCS,55.7,002,4,6472,JAGULAR INDU,8000,Trading company
A0030,OUT,ACE PILLER,ó£çáäÌ/?é‘äÌëgåè,2021-12-17,2022-03-10,103628200,CB Unit,A02,130200,125-16-12-A-25,PCS,591.9,002,4,68775,Fengqiao Mac,8000,Trading company
A0030,OUT,ACE PILLER,ó¸é≤äÌ,2021-12-17,2022-03-18,104221800,Centaflex,A02,210100,CF-A-002-OB-1360,PCS,14.7,002,5,2135,CHENG CHENG,8000,Trading company
A0030,OUT,ACE PILLER,?é‘äÌ,2021-12-17,2022-03-15,127549100,STD BXH,A02,140104,BXH-08-12G 24V 14DIN,PCS,90,002,2,5229,E&C Machiner,8000,Trading company
A0030,OUT,ACE PILLER,ã@äBéÆé≤çΩé~,2021-12-17,2022-01-07,123141500,Posi-Lock,A02,260200,PSL-D-14,PCS,43.8,002,1,1273,CORNING DISP,8000,Trading company
A0030,OUT,ACE PILLER,ô≠é•å^ó£çáäÌ,2021-12-17,2022-01-17,TW90900,STD CB,A02,130100,101-12-13G 24V 30JIS N14,PCS,71.38,002,1,2073,SYSCO MACHIN,8000,Trading company
A0030,OUT,ACE PILLER,ödéÆâ¬ùÃêﬂö¢õÊó÷,2021-12-21,2022-02-21,TW90804,Belt Type Speed Drive,A02,310100,AP-124-MA 19MM,PCS,62.75,002,3,5485,CHENG SHIN R,8000,Trading company
A0030,OUT,ACE PILLER,ödéÆâ¬ùÃêﬂö¢õÊó÷,2021-12-21,2022-02-21,TW91520,Belt Type Speed Drive,A02,310100,P-124-MA 19MM,PCS,49.62,002,3,4338,CHENG SHIN R,8000,Trading company
A0030,OUT,ACE PILLER,?é‘äÌ,2021-12-21,2022-02-21,121805500,STD BXL,A02,140103,BXL-12-10G 90V 24DIN,PCS,86.9,002,5,12660,PACKWAY INC,8000,Trading company
A0030,OUT,ACE PILLER,?é‘äÌ,2021-12-21,2022-01-25,121515000,Micro BXW,A02,120101,BXW-03-10H-24V-8 JP,PCS,25.3,002,1,737,SANWA ENGINE,8000,Trading company
A0030,OUT,ACE PILLER,?é‘äÌ,2021-12-21,2022-01-07,124669600,Micro BXW,A02,120101,BXW-01-10-08 JP,PCS,26.7,002,5,3890,INNOLUX CORP,8000,Trading company
A0030,OUT,ACE PILLER,å◊ìxä¬,2021-12-21,2022-03-02,001361400,Posi-Lock,A02,260200,RFN-7012-60,PCS,159.4,002,20,92890,KURAKI TAIWA,8000,Trading company
A0030,OUT,ACE PILLER,ó¸é≤äÌ,2021-12-21,2022-04-08,TW93125,Servoflex SFS/SFF/SFM/SFH,A02,230200,SFF-140DS-35K-40K-800N,PCS,164.2,002,1,4785,DAYLY TECHNI,8000,Trading company
A0030,OUT,ACE PILLER,ó¸é≤äÌ,2021-12-22,2022-02-18,127743700,Servoflex SFC,A02,230100,SFC-060SA2-15B-24B,PCS,794,,5,4169,CHIAH CHYUN,8000,Trading company
A0030,OUT,ACE PILLER,ó¸é≤äÌ,2021-12-22,2022-02-04,127743700,Servoflex SFC,A02,230100,SFC-060SA2-15B-24B,PCS,794,,7,5836,CHIAH CHYUN,8000,Trading company
A0030,OUT,ACE PILLER,ödéÆâ¬ùÃêﬂö¢õÊó÷,2021-12-22,2022-02-17,100047500,Belt Type Speed Drive,A02,310100,AP-124-MA 24MM,PCS,62.75,002,6,10970,Jiawei Enter,8000,Trading company
A0030,OUT,ACE PILLER,ùÃïpäÌ,2021-12-22,2022-01-20,128348200,Inverter,A02,330100,V7-07-4,PCS,195.8,002,1,5705,CHUAN HSIN E,8000,Trading company
A0030,OUT,ACE PILLER,ó¸é≤äÌ,2021-12-22,2022-01-26,108922700,Schmidt,A02,290200,NSS 7.3.7,PCS,354.3,002,1,10324,FAIR OAKS PR,8000,Trading company
A0030,OUT,ACE PILLER,ô≠é•?é‘äÌ,2021-12-22,2022-01-24,128116800,STD CB,A02,130100,111-10-11G 24V 15DIN,PCS,66.5,002,4,7751,TIAN CHERNG,8000,Trading company
A0030,OUT,ACE PILLER,ó¸é≤äÌ,2021-12-27,2022-02-18,127915100,Servoflex SFC,A02,230100,SFC-060SA2-18B-16BC,PCS,878,,20,18438,MING YANG MA,8000,Trading company
A0030,OUT,ACE PILLER,ó¸é≤äÌ,2021-12-27,2022-01-21,071287600,Paraflex,A02,290100,CPU-36-A-9.525B-10B,PCS,54.5,002,1,1588,KINGBARY SCI,8000,Trading company
A0030,OUT,ACE PILLER,ó¸é≤äÌ,2021-12-28,2022-03-03,127729700,Servoflex SFC,A02,230100,SFC-040DA2-15B-19B,PCS,612,,6,3856,OFUNA TECHNO,8000,Trading company
A0030,OUT,ACE PILLER,ó¸é≤äÌ,2021-12-28,2022-02-17,127742300,Servoflex SFC,A02,230100,SFC-060DA2-22B-24B,PCS,1093,,1,1148,SETEK Techno,8000,Trading company
A0030,OUT,ACE PILLER,ó¸é≤äÌ,2021-12-28,2022-02-24,TW90271,ALS-AL,A02,220201,ALS-065ARN-25BHA-28BHA,PCS,730,,26,19929,TA LIANG TEC,8000,Trading company
A0030,OUT,ACE PILLER,ó¸é≤äÌ,2021-12-28,2022-01-25,104551000,Servoflex SFS/SFF/SFM/SFH,A02,230200,SFS-06S,PCS,43.4,002,3,3793.8,SOCO MACHINE,8000,Trading company
A0030,OUT,ACE PILLER,ó¸é≤äÌ,2021-12-28,2022-02-18,104277700,Centaflex,A02,210100,CF-A-008-O2-1360,PCS,41.6,002,1,1212,Chainex Indu,8000,Trading company
A0030,OUT,ACE PILLER,ó£çáäÌ/?é‘äÌëgåè,2021-12-28,2022-01-20,122646200,CB Unit,A02,130200,125-06-12G,PCS,206.9,002,1,6028,ë‰‡sâ¿î¸çHå“,8000,Trading company
A0030,OUT,ACE PILLER,ó¸é≤äÌ,2021-12-28,2022-04-25,127300300,Servoflex SFS/SFF/SFM/SFH,A02,230200,SFF-060DS-19B-24B-60N,PCS,99.5,002,12,34791,WAIDA FEELER,8000,Trading company
A0030,OUT,ACE PILLER,ó¸é≤äÌ,2021-12-29,2022-04-07,127724200,Servoflex SFC,A02,230100,SFC-035DA2-12B-14B,PCS,541,,100,56805,TEST RESEARC,8000,Trading company
A0030,OUT,ACE PILLER,ó¸é≤äÌ,2021-12-29,2022-03-03,127719700,Servoflex SFC,A02,230100,SFC-030DA2-10B-14B,PCS,447,,107,50220,TEST RESEARC,8000,Trading company
A0030,OUT,ACE PILLER,ó¸é≤äÌ,2021-12-29,2022-04-07,127719700,Servoflex SFC,A02,230100,SFC-030DA2-10B-14B,PCS,447,,50,23468,TEST RESEARC,8000,Trading company
A0030,OUT,ACE PILLER,ó¸é≤äÌ,2021-12-29,2022-03-03,127729700,Servoflex SFC,A02,230100,SFC-040DA2-15B-19B,PCS,612,,7,4498,TEST RESEARC,8000,Trading company
A0030,OUT,ACE PILLER,ó¸é≤äÌ,2021-12-29,2022-03-03,127728800,Servoflex SFC,A02,230100,SFC-040DA2-12B-19B,PCS,612,,192,123379,TEST RESEARC,8000,Trading company
A0030,OUT,ACE PILLER,ó¸é≤äÌ,2021-12-29,2022-04-07,127728800,Servoflex SFC,A02,230100,SFC-040DA2-12B-19B,PCS,612,,40,25704,TEST RESEARC,8000,Trading company
A0030,OUT,ACE PILLER,ó¸é≤äÌ,2021-12-29,2022-04-07,TW90656,Servoflex SFC,A02,230100,SFC-060DA2-15B-19B,PCS,1093,,21,24101,TEST RESEARC,8000,Trading company
A0030,OUT,ACE PILLER,ó¸é≤äÌ,2022-01-03,2022-02-11,105874500,Other Couplings,A02,290900,AL-075 19H-19H,PCS,37.2,002,3,3244,TOKUKI TRADI,8000,Trading company
A0030,OUT,ACE PILLER,ödéÆâ¬ùÃêﬂö¢õÊó÷,2022-01-03,2022-02-23,100047500,Belt Type Speed Drive,A02,310100,AP-124-MA 24MM,PCS,62.75,002,3,5473,Jiawei Enter,8000,Trading company
A0030,OUT,ACE PILLER,ô≠é•å^ó£çáäÌ,2022-01-03,2022-03-02,TW90798,STD CB,A02,130100,101-08-13G 24V 20JIS MPTJ,PCS,33.91,002,1,986,GREAT TONG L,8000,Trading company
A0030,OUT,ACE PILLER,ó¸é≤äÌ,2022-01-03,2022-03-01,071290500,Paraflex,A02,290100,CPU-36-A-8B-10B,PCS,54.5,002,1,1584,Chun Zu Mach,8000,Trading company
A0030,OUT,ACE PILLER,âtöÿéÆé≤çΩé~,2022-01-03,2022-03-09,129013500,ETP,A02,260100,ETP-E-015-NH,PCS,61.1,002,2,3553,KING AIR AUT,8000,Trading company
A0030,OUT,ACE PILLER,ödéÆâ¬ùÃêﬂö¢õÊó÷,2022-01-03,2022-02-18,TW90803,Belt Type Speed Drive,A02,310100,P-164-MA 24MM,PCS,87.19,002,3,7605,Tong Ho Mach,8000,Trading company
A0030,OUT,ACE PILLER,ödéÆâ¬ùÃêﬂö¢õÊó÷,2022-01-03,2022-02-18,TW90802,Belt Type Speed Drive,A02,310100,AP-164-MA 24MM,PCS,94.29,002,22,60300,Tong Ho Mach,8000,Trading company
A0030,OUT,ACE PILLER,ó¸é≤äÌ,2022-01-03,2022-02-01,TW90271,ALS-AL,A02,220201,ALS-065ARN-25BHA-28BHA,PCS,730,,20,15330,TA LIANG TEC,8000,Trading company
A0030,OUT,ACE PILLER,?é‘äÌ (äÆ?ïi),2022-01-04,2022-02-14,TW93127,Micro BXW,A02,120101,BXW-02-10H-24V-7,PCS,717,,12,9034,,8000,Trading company
A0030,OUT,ACE PILLER,ó¸é≤äÌ,2022-01-05,2022-01-26,127753900,Servoflex SFC,A02,230100,SFC-090SA2-30B-35B,PCS,1257,,3,3960,FALCON MACHI,8000,Trading company
A0030,OUT,ACE PILLER,ó¸é≤äÌ,2022-01-05,2022-02-17,127719500,Servoflex SFC,A02,230100,SFC-030DA2-10B-12B,PCS,447,,4,1877,JUN HOW PREC,8000,Trading company
A0030,OUT,ACE PILLER,ó¸é≤äÌ,2022-01-05,2022-02-10,127715100,Servoflex SFC,A02,230100,SFC-010SA2-4.5B-8B,PCS,304,,99,31601,Hermes-Epite,8000,Trading company
A0030,OUT,ACE PILLER,ó¸é≤äÌ,2022-01-05,2022-02-17,127737300,Servoflex SFC,A02,230100,SFC-050SA2-12B-16B,PCS,540,,85,48195,TA LIANG TEC,8000,Trading company
A0030,OUT,ACE PILLER,ó¸é≤äÌ,2022-01-05,2022-02-24,127750300,Servoflex SFC,A02,230100,SFC-080SA2-24B-32B,PCS,876,,20,18396,JOEN LIH MAC,8000,Trading company
A0030,OUT,ACE PILLER,ó¸é≤äÌ,2022-01-05,2022-02-24,TW93128,Servoflex SFC,A02,230100,SFC-050DA2-22BH-28B,PCS,991,,16,16648,TERA AUTOTEC,8000,Trading company
A0030,OUT,ACE PILLER,ödéÆâ¬ùÃêﬂö¢õÊó÷,2022-01-05,2022-03-14,TW90818,Belt Type Speed Drive,A02,310100,P-98-MA 15MM,PCS,29.92,002,4,3479,CHIE MEI ENT,8000,Trading company
A0030,OUT,ACE PILLER,ó¸é≤äÌ,2022-01-05,2022-02-11,130154700,Servoflex SFS/SFF/SFM/SFH,A02,230200,SFM-120SS-45K-48KK-600N-G2.5/15000,PCS,154.9,002,3,13508,AVEREX AUTOM,8000,Trading company
A0030,OUT,ACE PILLER,îÁõÊéÆñ≥íiùÃë¨ã@ëgåè,2022-01-06,2022-02-23,129007400,Belt Type Speed Drive,A02,310100,PE-212N-AN-30H,PCS,350.1,002,2,20355,SETEK Techno,8000,Trading company
A0030,OUT,ACE PILLER,ã@äBéÆé≤çΩé~,2022-01-07,2022-04-26,123146000,Posi-Lock,A02,260200,PSL-G-30,PCS,16.4,002,100,47673,GSA TECHNOLO,8000,Trading company
A0030,OUT,ACE PILLER,ã@äBéÆé≤çΩé~,2022-01-07,2022-08-26,123146000,Posi-Lock,A02,260200,PSL-G-30,PCS,16.4,002,100,47673,GSA TECHNOLO,8000,Trading company
A0030,OUT,ACE PILLER,ã@äBéÆé≤çΩé~,2022-01-07,2022-06-27,123146000,Posi-Lock,A02,260200,PSL-G-30,PCS,16.4,002,100,47673,GSA TECHNOLO,8000,Trading company
A0030,OUT,ACE PILLER,ó¸é≤äÌ,2022-01-07,2022-02-23,105701000,BellowFlex,A02,290300,CHP-20 6-6,PCS,13.6,002,10,3953,SOFAR MACHIN,8000,Trading company
A0030,OUT,ACE PILLER,îÁõÊéÆñ≥íiùÃë¨ã@ëgåèéÜî†,2022-01-07,2022-01-26,061116100,Other Products/Parts,A02,990900,HE-26M,PCS,5,002,2,292,SETEK Techno,8000,Trading company
A0030,OUT,ACE PILLER,ó¸é≤äÌ,2022-01-10,2022-03-10,104478200,Centaflex,A02,210100,CF-A-022-O0-1360,PCS,25.6,002,35,26046,LA SUERTE EN,8000,Trading company
A0030,OUT,ACE PILLER,ì…‰Pä¬,2022-01-10,2022-02-23,125139300,Servoflex SFS/SFF/SFM/SFH,A02,230200,SFH-190G Maintenance,PCS,42.4,002,2,2466,AVL List Gmb,8000,Trading company
A0030,OUT,ACE PILLER,ô≠é•?é‘äÌ,2022-01-11,2022-02-17,TW90797,STD CB,A02,130100,111-08-11G 24V 12JIS N14,PCS,44.02,002,10,12741,Liyi Technol,8000,Trading company
A0030,OUT,ACE PILLER,ó¸é≤äÌ,2022-01-11,2022-03-18,104344600,Centaflex,A02,210100,CF-A-030-O0-1360,PCS,34.8,002,10,10073,TUNGSHUNG TE,8000,Trading company
A0030,OUT,ACE PILLER,ô≠é•å^ó£çáäÌ,2022-01-11,2022-02-17,TW92651,STD CB,A02,130100,CS-08-33-A-99 TPI,PCS,47.11,002,5,6817,Liyi Technol,8000,Trading company
A0030,OUT,ACE PILLER,ó¸é≤äÌ,2022-01-11,2022-02-24,127736400,Servoflex SFC,A02,230100,SFC-050DA2-22B-22B,PCS,867,,7,6372,All Well Ind,8000,Trading company
A0030,OUT,ACE PILLER,ó¸é≤äÌ,2022-01-11,2022-02-24,127909900,Servoflex SFC,A02,230100,SFC-040SA2-18B-18B,PCS,428,,7,3146,All Well Ind,8000,Trading company
A0030,OUT,ACE PILLER,ó¸é≤äÌ,2022-01-11,2022-02-24,127737300,Servoflex SFC,A02,230100,SFC-050SA2-12B-16B,PCS,540,,1,567,TA LIANG TEC,8000,Trading company
A0030,OUT,ACE PILLER,ó¸é≤äÌ,2022-01-11,2022-03-03,127742600,Servoflex SFC,A02,230100,SFC-060DA2-22B-28B,PCS,920,,2,1932,OFUNA TECHNO,8000,Trading company
A0030,OUT,ACE PILLER,ó¸é≤äÌ,2022-01-11,2022-03-03,TW90555,Servoflex SFC,A02,230100,SFC-080DA2-22B-28B,PCS,1199,,18,22661,OFUNA TECHNO,8000,Trading company
A0030,OUT,ACE PILLER,ó¸é≤äÌ,2022-01-11,2022-01-26,127914000,Servoflex SFC,A02,230100,SFC-060DA2-25B-16BC,PCS,1176,,16,19757,TAIWAN SHIGI,8000,Trading company
A0030,OUT,ACE PILLER,ó¸é≤äÌ,2022-01-11,2022-03-17,127734700,Servoflex SFC,A02,230100,SFC-050DA2-15B-24B,PCS,891,,20,18711,JOEN LIH MAC,8000,Trading company
A0030,OUT,ACE PILLER,ó¸é≤äÌ,2022-01-11,2022-03-17,127736300,Servoflex SFC,A02,230100,SFC-050DA2-20B-24B,PCS,891,,20,18711,JOEN LIH MAC,8000,Trading company
A0030,OUT,ACE PILLER,ó¸é≤äÌ,2022-01-11,2022-02-17,TW90271,ALS-AL,A02,220201,ALS-065ARN-25BHA-28BHA,PCS,730,,1,767,TA LIANG TEC,8000,Trading company
A0030,OUT,ACE PILLER,ó¸é≤äÌ,2022-01-11,2022-02-23,TW90596,ALS-AL,A02,220201,ALS-055-Y-22H-25H,PCS,1320,,1,1386,CORNING DISP,8000,Trading company
A0030,OUT,ACE PILLER,ó¸é≤äÌ,2022-01-11,2022-03-03,TW93130,Servoflex SFC,A02,230100,SFC-080DA2-20BH-22BH,PCS,1499,,2,3148,LUNG MENG MA,8000,Trading company
A0030,OUT,ACE PILLER,ó¸é≤äÌ,2022-01-11,2022-01-17,127755500,Servoflex SFC,A02,230100,SFC-100SA2-35B-40B,PCS,1401,,3,4413,HONOR SEIKI,8000,Trading company
A0030,OUT,ACE PILLER,?é‘äÌ (äÆ?ïi),2022-01-12,2022-03-03,TW93127,Micro BXW,A02,120101,BXW-02-10H-24V-7,PCS,717,,34,25597,SANWA ENGINE,8000,Trading company
A0030,OUT,ACE PILLER,ó¸é≤äÌ,2022-01-12,2022-01-20,127717200,Servoflex SFC,A02,230100,SFC-020DA2-8B-8B,PCS,352,,100,36960,ATMA CHAMP E,8000,Trading company
A0030,OUT,ACE PILLER,ó¸é≤äÌ,2022-01-12,2022-01-14,TW92731,Servoflex SFC,A02,230100,SFC-025SA2-10B-12B,PCS,350,,1,368,GUAN CHENG,8000,Trading company
A0030,OUT,ACE PILLER,ó¸é≤äÌ,2022-01-12,2022-01-13,127748800,Servoflex SFC,A02,230100,SFC-080DA2-35B-35B,PCS,1100,,1,1154,AWEA MECHANT,8000,Trading company
A0030,OUT,ACE PILLER,ó¸é≤äÌ,2022-01-12,2022-02-10,127750700,Servoflex SFC,A02,230100,SFC-080SA2-25B-35B,PCS,750,,120,94500,AWEA MECHANT,8000,Trading company
A0030,OUT,ACE PILLER,ó¸é≤äÌ,2022-01-12,2022-02-10,127749500,Servoflex SFC,A02,230100,SFC-080SA2-20B-35B,PCS,750,,20,15750,AWEA MECHANT,8000,Trading company
A0030,OUT,ACE PILLER,ó¸é≤äÌ,2022-01-12,2022-02-10,TW91901,Servoflex SFC,A02,230100,SFC-060SA2-20B-16BC-T400,PCS,750,,10,7875,AWEA MECHANT,8000,Trading company
A0030,OUT,ACE PILLER,ó¸é≤äÌ,2022-01-12,2022-02-10,127754000,Servoflex SFC,A02,230100,SFC-090SA2-35B-35B,PCS,920,,21,20286,AWEA MECHANT,8000,Trading company
A0030,OUT,ACE PILLER,ó¸é≤äÌ,2022-01-12,2022-02-23,104694400,Servoflex SFS/SFF/SFM/SFH,A02,230200,SFS-10S-25M-35M,PCS,99,002,1,2865,CORNING DISP,8000,Trading company
A0030,OUT,ACE PILLER,ó¸é≤äÌ,2022-01-12,2022-04-26,130284000,Servoflex SFS/SFF/SFM/SFH,A02,230200,SFF-090SS-38K-42K-300N,PCS,79,002,3,6860,VICTOR TAICH,8000,Trading company
A0030,OUT,ACE PILLER,î¬ú[‚Œëg,2022-01-12,2022-02-23,024010600,Servoflex SFS/SFF/SFM/SFH,A02,230200,Element SFS-14S,PCS,38.7,002,2,2241,AVL List Gmb,8000,Trading company
A0030,OUT,ACE PILLER,?é‘äÌ,2022-01-12,2022-02-11,121522500,Micro BXW,A02,120101,BXW-05-10L-24V-12 JP,PCS,32.8,002,2,1898,Information,8000,Trading company
A0030,OUT,ACE PILLER,ödéÆâ¬ùÃêﬂö¢õÊó÷,2022-01-12,2022-02-18,TW90803,Belt Type Speed Drive,A02,310100,P-164-MA 24MM,PCS,87.19,002,5,12618,Tong Ho Mach,8000,Trading company
A0030,OUT,ACE PILLER,âtöÿéÆé≤çΩé~,2022-01-12,2022-02-21,105635600,ETP,A02,260100,ETP-T-30,PCS,133.6,002,10,38668,CHANG-IRON G,8000,Trading company
A0030,OUT,ACE PILLER,ó¸é≤äÌ,2022-01-12,2022-02-15,104511700,Centaflex,A02,210100,CF-B-080-H,PCS,42.6,002,6,7398,HWA UEI Ente,8000,Trading company
A0030,OUT,ACE PILLER,ó¸é≤äÌ,2022-01-12,2022-03-18,104277700,Centaflex,A02,210100,CF-A-008-O2-1360,PCS,41.6,002,2,2408,RAYTACT TECH,8000,Trading company
A0030,OUT,ACE PILLER,éwé¶éËïø,2022-01-12,2022-03-11,033000100,Index Handle,A02,310700,SD-53B-12R,PCS,14.2,002,4,1644,Qiang Yi,8000,Trading company
A0030,OUT,ACE PILLER,ó¸é≤äÌ,2022-01-12,2022-04-08,130284000,Servoflex SFS/SFF/SFM/SFH,A02,230200,SFF-090SS-38K-42K-300N,PCS,79,002,7,16005,VICTOR TAICH,8000,Trading company
A0030,OUT,ACE PILLER,ó¸é≤äÌ,2022-01-12,2022-02-23,104572900,Servoflex SFS/SFF/SFM/SFH,A02,230200,SFS-06S-12H-19H,PCS,74.3,002,1,2150,CORNING DISP,8000,Trading company
A0030,OUT,ACE PILLER,ó¸é≤äÌ,2022-01-12,2022-04-08,127751100,Servoflex SFC,A02,230100,SFC-080SA2-28B-35B,PCS,833,,19,16618,VICTOR TAICH,8000,Trading company
A0030,OUT,ACE PILLER,ó¸é≤äÌ,2022-01-12,2022-02-07,127726500,Servoflex SFC,A02,230100,SFC-035SA2-12B-14B,PCS,370,,10,3885,UTECHZONE CO,8000,Trading company
A0030,OUT,ACE PILLER,ó¸é≤äÌ,2022-01-12,2022-01-21,127733000,Servoflex SFC,A02,230100,SFC-050DA2-10B-19B,PCS,891,,8,7484,CHIEH YUNG A,8000,Trading company
A0030,OUT,ACE PILLER,ó¸é≤äÌ,2022-01-12,2022-01-21,127718400,Servoflex SFC,A02,230100,SFC-020SA2-6.35B-8B,PCS,293,,25,7691,MPI CORPORAT,8000,Trading company
A0030,OUT,ACE PILLER,ó¸é≤äÌ,2022-01-12,2022-01-21,127750900,Servoflex SFC,A02,230100,SFC-080SA2-28B-28B,PCS,876,,6,5520,KAOTAI TECHN,8000,Trading company
A0030,OUT,ACE PILLER,ó¸é≤äÌ,2022-01-12,2022-01-14,127734600,Servoflex SFC,A02,230100,SFC-050DA2-15B-22B,PCS,891,,2,1871,Bai Jun,8000,Trading company
A0030,OUT,ACE PILLER,ìdé•ÍèéÆó£çáäÌ,2022-01-12,2022-04-07,103545500,Toothed Clutch,A02,150100,546-21-34-LS 24V 30DIN,PCS,530,002,10,153400,anko,8000,Trading company
A0030,OUT,ACE PILLER,ó¸é≤äÌ,2022-01-13,2022-01-21,127719500,Servoflex SFC,A02,230100,SFC-030DA2-10B-12B,PCS,447,,5,2347,Chainex Indu,8000,Trading company
A0030,OUT,ACE PILLER,ó¸é≤äÌ,2022-01-13,2022-01-13,127730900,Servoflex SFC,A02,230100,SFC-040SA2-10B-19B,PCS,439,,1,461,CORNING DISP,8000,Trading company
A0007,IN,MPEU,?é‘äÌ (ï€?ïi),2021-09-07,2022-01-11,121055800,Micro BXW,A01,120101,BFK457-02-0.50NM-24V,PCS,13.15,002,1000,366359,,,
A0007,IN,MPEU,?é‘äÌ (ï€?ïi),2021-09-30,2022-01-06,120917200,Micro BXW,A01,120101,BFK457-04-1.00NM-24V,PCS,16.43,002,500,226939,,,
A0007,IN,MPEU,?é‘äÌ (ï€?ïi),2021-10-05,2021-10-21,120917800,Micro BXW,A01,120101,BFK457-04-1.00NM-205V,PCS,16.43,002,400,181880,,,
A0007,IN,MPEU,?é‘äÌ (ï€?ïi),2021-10-05,2022-01-18,120917900,Micro BXW,A01,120101,BFK457-04-2.00NM-24V,PCS,16.43,002,2000,909401,,,
A0007,IN,MPEU,?é‘äÌ (ï€?ïi),2021-10-05,2022-01-06,120920400,Micro BXW,A01,120101,BFK457-05-4.00NM-24V,PCS,18.39,002,500,254472,,,
A0007,IN,MPEU,?é‘äÌ (ï€?ïi),2021-10-06,2021-12-15,120920500,Micro BXW,A01,120101,BFK457-05-4.00NM-205V,PCS,18.39,002,200,101789,,,
A0007,IN,MPEU,?é‘äÌ (ï€?ïi),2021-10-07,2022-01-11,120912800,Micro BXW,A01,120101,BFK457-03-1.00NM-24V,PCS,15.34,002,1000,424535,,,
A0007,IN,MPEU,?é‘äÌ (ï€?ïi),2021-10-07,2021-12-14,120909600,Micro BXW,A01,120101,BFK457-03-0.50NM-24V,PCS,15.34,002,500,212267,,,
A0007,IN,MPEU,?é‘äÌ (ï€?ïi),2021-10-07,2022-03-01,121055800,Micro BXW,A01,120101,BFK457-02-0.50NM-24V,PCS,13.15,002,1000,363926,,,
A0007,IN,MPEU,?é‘äÌ (ï€?ïi),2021-11-04,2022-06-13,120912800,Micro BXW,A01,120101,BFK457-03-1.00NM-24V,PCS,15.34,002,1000,426605,,,
A0007,IN,MPEU,?é‘äÌ (ï€?ïi),2021-11-04,2022-04-01,120917900,Micro BXW,A01,120101,BFK457-04-2.00NM-24V,PCS,16.43,002,1000,456918,,,
A0007,IN,MPEU,?é‘äÌ (ï€?ïi),2021-12-15,2022-01-05,127796300,Micro BXW,A01,120101,BXW-01-10L-24V,PCS,12.06,002,250,83410,,,
A0007,IN,MPEU,ÁzéqìÖëg (ï€?ïi),2021-12-15,2022-01-05,TW92612,Micro BXW,A01,120101,BXW-01-10 6,SET,0.94,002,250,6501,,,
A0007,IN,MPEU,?é‘äÌ (ï€?ïi),2022-01-13,2022-02-16,127796900,Micro BXW,A01,120101,BXW-01-10H-24V,PCS,12.06,002,250,83108,,,
A0007,IN,MPEU,?é‘äÌ (ï€?ïi),2022-01-13,2022-02-16,127796900,Micro BXW,A01,120101,BXW-01-10H-24V,PCS,12.06,002,50,16622,,,
A0006,IN,MPIN,ó¸é≤äÌ,2021-08-25,2021-11-24,TW90523,ALS-ST,A01,220202,ALS-065SGN-30KHA-35KSA,PCS,79.6,002,5,11068,,,
A0006,IN,MPIN,ó¸é≤äÌ,2021-09-14,2021-11-30,TW90523,ALS-ST,A01,220202,ALS-065SGN-30KHA-35KSA,PCS,79.6,002,5,10999,,,
A0005,IN,MPKR,?é‘äÌ (ï€?ïi),2021-06-03,2021-09-06,122089900,Micro BXW,A01,120101,BXW-04-10M-05-90V-10,PCS,16.78,002,600,279940.8,,,
A0005,IN,MPKR,?é‘äÌ (ï€?ïi),2021-07-12,2021-10-18,129535700,Micro BXW,A01,120101,BXW-03-10-23,PCS,22,002,150,91905,,,
A0005,IN,MPKR,?é‘äÌ (ï€?ïi),2021-07-12,2021-08-20,125132900,Micro BXW,A01,120101,BXW-04-10M-10-90V-10,PCS,16.88,002,300,141032,,,
A0005,IN,MPKR,?é‘äÌ (ï€?ïi),2021-10-27,2021-11-15,122088200,Micro BXW,A01,120101,BXW-01-10M-45V-6,PCS,12.64,002,210,74270,,,
A0005,IN,MPKR,?é‘äÌ (ï€?ïi),2021-10-27,2021-12-13,122088200,Micro BXW,A01,120101,BXW-01-10M-45V-6,PCS,12.64,002,300,106100,,,
A0005,IN,MPKR,ìdåπÂ‰íu (ï€?ïi),2021-12-07,2022-01-14,130774100,CB Power Supply,A01,190100,BEM-2T-A-1,PCS,1.55,002,1200,51606,,,
A0005,IN,MPKR,ìdåπÂ‰íu (ï€?ïi),2021-12-07,2022-01-14,126414400,CB Power Supply,A01,190100,BEM-4T-UL,PCS,2.54,002,1200,84567,,,
A0005,IN,MPKR,?é‘äÌ (ï€?ïi),2021-12-09,2022-01-13,122088200,Micro BXW,A01,120101,BXW-01-10M-45V-6,PCS,12.64,002,300,105209,,,
A0005,IN,MPKR,?é‘äÌ (ï€?ïi),2021-12-09,2022-01-13,122089600,Micro BXW,A01,120101,BXW-03-10M-90V-8,PCS,17.31,002,300,144080,,,
A0005,IN,MPKR,?é‘äÌ (ï€?ïi),2021-12-09,2022-01-13,122518000,Micro BXW,A01,120101,BXW-04-10M-03-90V-10,PCS,16.77,002,600,279170,,,
A0005,IN,MPKR,?é‘äÌ (ï€?ïi),2021-12-09,2022-01-13,122089900,Micro BXW,A01,120101,BXW-04-10M-05-90V-10,PCS,16.78,002,300,139668,,,
A0005,IN,MPKR,?é‘äÌ (ï€?ïi),2021-12-13,2022-02-01,121508800,Micro BXW,A01,120101,BXW-01-10H-24V-6,PCS,12.7,002,210,73783,,,
A0005,IN,MPKR,?é‘äÌ (ï€?ïi),2021-12-15,2022-02-01,121508800,Micro BXW,A01,120101,BXW-01-10H-24V-6,PCS,12.7,002,150,52702,,,
A0005,IN,MPKR,?é‘äÌ (ï€?ïi),2021-12-15,2022-03-01,121508800,Micro BXW,A01,120101,BXW-01-10H-24V-6,PCS,12.7,002,150,52702,,,
A0005,IN,MPKR,?é‘äÌ (ï€?ïi),2021-12-15,2022-03-01,TW91421,Micro BXW,A01,120101,BXW-04-10H-24V-10,PCS,16.7,002,80,36960,,,
A0005,IN,MPKR,?é‘äÌ (ï€?ïi),2021-12-15,2022-03-01,TW91726,Micro BXW,A01,120101,BXW-04-12-68,PCS,42.6,002,100,117853,,,
A0005,IN,MPKR,?é‘äÌ (ï€?ïi),2021-12-15,2022-03-01,TW91726,Micro BXW,A01,120101,BXW-04-12-68,PCS,42.6,002,100,117853,,,
A0005,IN,MPKR,ìdåπÂ‰íu (ï€?ïi),2021-12-27,2022-02-07,130774100,CB Power Supply,A01,190100,BEM-2T-A-1,PCS,1.55,002,2000,86025,,,
A0005,IN,MPKR,ìdåπÂ‰íu (ï€?ïi),2021-12-27,2022-02-07,126414400,CB Power Supply,A01,190100,BEM-4T-UL,PCS,2.54,002,1600,112776,,,
A0005,IN,MPKR,ìdåπÂ‰íu (ï€?ïi),2021-12-27,2022-03-07,130774100,CB Power Supply,A01,190100,BEM-2T-A-1,PCS,1.55,002,1200,51615,,,
A0005,IN,MPKR,ìdåπÂ‰íu (ï€?ïi),2021-12-27,2022-03-07,126414400,CB Power Supply,A01,190100,BEM-4T-UL,PCS,2.54,002,1200,84582,,,
A0005,IN,MPKR,?é‘äÌ (ï€?ïi),2022-01-06,2022-03-17,122518000,Micro BXW,A01,120101,BXW-04-10M-03-90V-10,PCS,16.77,002,300,139283,,,
A0005,IN,MPKR,?é‘äÌ (ï€?ïi),2022-01-06,2022-03-17,122089900,Micro BXW,A01,120101,BXW-04-10M-05-90V-10,PCS,16.78,002,300,139366,,,
A0004,IN,MPHK,?é‘äÌ (ï€?ïi),2021-07-19,2021-10-15,126286300,Micro BXW,A01,120101,BXW-01-10-27,PCS,11.5,002,4000,1281100,,,
A0004,IN,MPHK,?é‘äÌ (ï€?ïi),2021-08-25,2021-12-15,126286300,Micro BXW,A01,120101,BXW-01-10-27,PCS,11.5,002,2500,799538,,,
A0004,IN,MPHK,?é‘äÌ (ï€?ïi),2021-10-21,2022-01-06,130872500,Micro BXW,A01,120101,BXW-04-10MP-05-90V,PCS,21.4,002,240,143705,,,
A0004,IN,MPHK,?é‘äÌ (ï€?ïi),2021-10-21,2022-01-06,130872100,Micro BXW,A01,120101,BXW-04-10MP-03-90V,PCS,20.5,002,150,86039,,,
A0004,IN,MPHK,?é‘äÌ (ï€?ïi),2021-11-22,2022-01-06,130872500,Micro BXW,A01,120101,BXW-04-10MP-05-90V,PCS,21.4,002,120,71211,,,
A0004,IN,MPHK,?é‘äÌ (ï€?ïi),2021-11-26,2022-02-12,130861600,Micro BXW,A01,120101,BXW-02-10-24,PCS,19.6,002,180,97884,,,
A0004,IN,MPHK,?é‘äÌ (ï€?ïi),2021-11-26,2022-02-12,130748300,Micro BXW,A01,120101,BXW-03-10MP-90V,PCS,19.6,002,180,97884,,,
A0004,IN,MPHK,?é‘äÌ (ï€?ïi),2021-11-26,2022-02-12,130872500,Micro BXW,A01,120101,BXW-04-10MP-05-90V,PCS,21.4,002,300,178123,,,
A0004,IN,MPHK,?é‘äÌ (ï€?ïi),2022-01-10,2022-02-12,130872000,Micro BXW,A01,120101,BXW-04-10MP-03-45V,PCS,20.4,002,60,33886,,,
A0003,IN,MPSH,?é‘äÌ (ï€?ïi),2021-09-07,2021-11-11,TW92778,Micro BXW,A01,120101,BXW-04-10-07,PCS,15.7,002,600,262441.091,,,
A0003,IN,MPSH,?é‘äÌ (ï€?ïi),2021-12-14,2022-01-12,131007400,Micro BXW,A01,120101,BXW-03-10-82,PCS,15.3,002,60,25396,,,
A0003,IN,MPSH,?é‘äÌ (ï€?ïi),2021-12-14,2022-01-12,131007400,Micro BXW,A01,120101,BXW-03-10-82,PCS,15.3,002,20,8465,,,
A0003,IN,MPSH,?é‘äÌ (ï€?ïi),2021-12-14,2022-01-12,131007400,Micro BXW,A01,120101,BXW-03-10-82,PCS,15.3,002,60,25396,,,
A0003,IN,MPSH,?é‘äÌ (ï€?ïi),2021-12-21,2022-01-27,131007400,Micro BXW,A01,120101,BXW-03-10-82,PCS,15.3,002,320,135864,,,
A0003,IN,MPSH,?é‘äÌ (ï€?ïi),2021-12-28,2022-02-10,131007400,Micro BXW,A01,120101,BXW-03-10-82,PCS,15.3,002,140,59441,,,
A0003,IN,MPSH,?é‘äÌ (ï€?ïi),2022-01-10,2022-03-03,125881000,Micro BXW,A01,120101,BXW-04-10-22,PCS,15.8,002,500,218712,,,
A0002,IN,MPTJ,ä¬?é˜éâ-çdâªôù,2021-09-08,2021-11-18,127804100,Micro BXW,A01,120101,HW8761-1CI HUNTSMAN,KG,17.17,002,200,95671,,,
A0002,IN,MPTJ,ä¬?é˜éâ-éÂôù,2021-09-08,2021-11-18,127804000,Micro BXW,A01,120101,CW8761-1CI HUNTSMAN,KG,19.49,002,100,54299,,,
A0002,IN,MPTJ,?é‘äÌ (ï€?ïi),2021-11-17,2022-01-13,130813100,Micro BXW,A01,120101,BXW-01-10-89,PCS,13,002,500,180830,,,
A0001,IN,MPJP,?é‘äÌ (ï€?ïi),2020-11-19,2021-01-21,127799500,Micro BXW,A01,120101,BXW-04-10M-05-90V,PCS,1567,001,270,116138.25,,,
A0001,IN,MPJP,?é‘äÌ (ï€?ïi),2021-01-29,2021-05-28,130893700,Micro BXW,A01,120101,BXW-04-10MS-05-180V,PCS,2163,001,650,383121.7,,,
A0001,IN,MPJP,?é‘äÌ (ï€?ïi),2021-01-29,2021-04-30,130880300,Micro BXW,A01,120101,BXW-03-12H-24V,PCS,1255,001,100,34198.8,,,
A0001,IN,MPJP,?é‘äÌ (ï€?ïi),2021-01-29,2021-05-28,130892800,Micro BXW,A01,120101,BXW-04-10MS-05-45V,PCS,2251,001,200,122679.6,,,
A0001,IN,MPJP,?é‘äÌ (ï€?ïi),2021-03-08,2021-05-28,127798800,Micro BXW,A01,120101,BXW-04-10L-90V,PCS,1314,001,500,173579.5,,,
A0001,IN,MPJP,ÁzéqìÖëg (ï€?ïi),2021-04-07,2021-07-21,TW92613,Micro BXW,A01,120101,BXW-04-10 10áì,SET,100,001,50,1301.5,,,
A0001,IN,MPJP,ÁzéqìÖëg (ï€?ïi),2021-04-07,2021-07-21,TW92614,Micro BXW,A01,120101,BXW-05-10 12,SET,112,001,3000,87460.8,,,
A0001,IN,MPJP,?é‘äÌ (ï€?ïi),2021-04-07,2021-06-25,TW91465,Micro BXW,A01,120101,BXW-02-10-67,PCS,1853,001,130,62703.68,,,
A0001,IN,MPJP,?é‘äÌ (ï€?ïi),2021-04-07,2021-07-21,130876100,Micro BXW,A01,120101,BXW-02-12-12-24V,PCS,1265,001,550,181104,,,
A0001,IN,MPJP,?é‘äÌ (ï€?ïi),2021-04-29,2021-08-23,127799800,Micro BXW,A01,120101,BXW-04-10M-10-90V,PCS,1586,001,100,41014,,,
A0001,IN,MPJP,?é‘äÌ (ï€?ïi),2021-04-29,2021-08-23,127797900,Micro BXW,A01,120101,BXW-04-10H-24V,PCS,1298,001,1000,335663,,,
A0001,IN,MPJP,?é‘äÌ (ï€?ïi),2021-04-29,2021-08-23,TW90463,Micro BXW,A01,120101,BXW-05-10S-24V,PCS,1496,001,280,108322.48,,,
A0001,IN,MPJP,?é‘äÌ (ï€?ïi),2021-05-26,2021-09-24,127800000,Micro BXW,A01,120101,BXW-04-10S-24V,PCS,1322,001,740,248385.44,,,
A0001,IN,MPJP,ÁzéqìÖëg (ï€?ïi),2021-05-26,2021-09-24,130840800,Micro BXW,A01,120101,BXW-03-10 8,SET,81,001,2300,47301.8,,,
A0001,IN,MPJP,?é‘äÌ (ï€?ïi),2021-05-26,2021-09-24,TW90039,Micro BXW,A01,120101,BXW-02-10H-24V,PCS,1007,001,760,194314.52,,,
A0001,IN,MPJP,?é‘äÌ (ï€?ïi),2021-05-26,2021-09-24,127797400,Micro BXW,A01,120101,BXW-01-10S-24V,PCS,1029,001,430,112343.09,,,
A0001,IN,MPJP,ÁzéqìÖëg (ï€?ïi),2021-05-26,2021-09-24,130839000,Micro BXW,A01,120101,BXW-02-10 6,SET,80,001,5000,101560,,,
A0001,IN,MPJP,ÁzéqìÖëg (ï€?ïi),2021-05-26,2021-09-24,TW92613,Micro BXW,A01,120101,BXW-04-10 10áì,SET,100,001,5000,126950,,,
A0001,IN,MPJP,ÁzéqìÖëg (ï€?ïi),2021-05-26,2021-09-24,TW92614,Micro BXW,A01,120101,BXW-05-10 12,SET,112,001,5000,142184,,,
A0001,IN,MPJP,?é‘äÌ (ï€?ïi),2021-05-26,2021-09-24,127799500,Micro BXW,A01,120101,BXW-04-10M-05-90V,PCS,1567,001,1000,397861,,,
A0001,IN,MPJP,?é‘äÌ (ï€?ïi),2021-05-26,2021-09-24,130893700,Micro BXW,A01,120101,BXW-04-10MS-05-180V,PCS,2163,001,1000,549186,,,
A0001,IN,MPJP,?é‘äÌ (ï€?ïi),2021-05-26,2021-09-24,127801500,Micro BXW,A01,120101,BXW-01-10R-24V,PCS,1340,001,350,119079.1,,,
A0001,IN,MPJP,?é‘äÌ (ï€?ïi),2021-05-26,2021-09-24,127798800,Micro BXW,A01,120101,BXW-04-10L-90V,PCS,1314,001,1000,333625,,,
A0001,IN,MPJP,?é‘äÌ (ï€?ïi),2021-05-26,2021-09-24,130880300,Micro BXW,A01,120101,BXW-03-12H-24V,PCS,1255,001,500,159322,,,
A0001,IN,MPJP,?é‘äÌ (ï€?ïi),2021-05-26,2021-09-24,130876100,Micro BXW,A01,120101,BXW-02-12-12-24V,PCS,1265,001,1000,321184,,,
A0001,IN,MPJP,?é‘äÌ (ï€?ïi),2021-06-02,2021-11-19,127796900,Micro BXW,A01,120101,BXW-01-10H-24V,PCS,1036,001,1980,521640.9,,,
A0001,IN,MPJP,?é‘äÌ (ï€?ïi),2021-06-02,2021-12-17,127796900,Micro BXW,A01,120101,BXW-01-10H-24V,PCS,1036,001,2000,526910,,,
A0001,IN,MPJP,?é‘äÌ (ï€?ïi),2021-07-02,2021-10-22,129355600,Micro BXW,A01,120101,BXW-05-10-70,PCS,1668,001,1000,416666,,,
A0001,IN,MPJP,?é‘äÌ (ï€?ïi),2021-07-02,2021-10-22,TW90431,Micro BXW,A01,120101,BXW-02-10L-24V,PCS,998,001,320,79776,,,
A0001,IN,MPJP,?é‘äÌ (ï€?ïi),2021-07-02,2021-10-22,130462700,Micro BXW,A01,120101,BXW-04-10-19,PCS,1322,001,200,66047.333,,,
A0001,IN,MPJP,ÁzéqìÖëg (ï€?ïi),2021-07-02,2021-10-22,130841400,Micro BXW,A01,120101,BXW-04-10 8.5,SET,120,001,3000,89928,,,
A0001,IN,MPJP,?é‘äÌ (ï€?ïi),2021-07-02,2021-10-22,TW90426,Micro BXW,A01,120101,BXW-02-10H-90V,PCS,1063,001,100,26553.7,,,
A0001,IN,MPJP,?é‘äÌ (ï€?ïi),2021-07-02,2021-07-23,130406300,Micro BXW,A01,120101,BXW-02-10TL-90V,PCS,1331,001,460,152942.64,,,
A0001,IN,MPJP,?é‘äÌ (ï€?ïi),2021-07-02,2021-09-21,TW92854,Micro BXW,A01,120101,BXW-01-10-130,PCS,1600,001,650,259792,,,
A0001,IN,MPJP,?é‘äÌ (ï€?ïi),2021-07-02,2021-10-22,TW92854,Micro BXW,A01,120101,BXW-01-10-130,PCS,1600,001,2000,799360,,,
A0001,IN,MPJP,?é‘äÌ (ï€?ïi),2021-07-02,2021-11-19,TW92854,Micro BXW,A01,120101,BXW-01-10-130,PCS,1600,001,2000,799360,,,
A0001,IN,MPJP,?é‘äÌ (ï€?ïi),2021-07-02,2022-01-21,TW92854,Micro BXW,A01,120101,BXW-01-10-130,PCS,1600,001,1000,399680,,,
A0001,IN,MPJP,?é‘äÌ (ï€?ïi),2021-07-02,2021-08-23,130406300,Micro BXW,A01,120101,BXW-02-10TL-90V,PCS,1331,001,1000,332484,,,
A0001,IN,MPJP,?é‘äÌóÎåèëg (ï€?ïi),2021-07-02,2021-10-22,TW90747,Micro BXW,A01,120101,BXW-03-10S Parts set,PCS,962,001,500,120154,,,
A0001,IN,MPJP,?é‘äÌóÎåèëg (ï€?ïi),2021-07-02,2021-10-22,TW90748,Micro BXW,A01,120101,BXW-05-10S Parts set,PCS,1288,001,500,160871,,,
A0001,IN,MPJP,ÁzéqìÖëg (ï€?ïi),2021-07-02,2021-10-22,130841500,Micro BXW,A01,120101,BXW-04-10 8,SET,140,001,1000,34972,,,
A0001,IN,MPJP,?é‘äÌ (ï€?ïi),2021-07-02,2021-10-22,127797400,Micro BXW,A01,120101,BXW-01-10S-24V,PCS,1029,001,1000,257044,,,
A0001,IN,MPJP,?é‘äÌ (ï€?ïi),2021-07-02,2021-10-22,130892200,Micro BXW,A01,120101,BXW-04-10MS-03-205V,PCS,1804,001,500,225320,,,
A0001,IN,MPJP,?é‘äÌ (ï€?ïi),2021-07-02,2021-10-22,130893700,Micro BXW,A01,120101,BXW-04-10MS-05-180V,PCS,2163,001,1000,540317,,,
A0001,IN,MPJP,?é‘äÌ (ï€?ïi),2021-07-02,2021-10-22,130893600,Micro BXW,A01,120101,BXW-04-10MS-05-90V,PCS,2241,001,800,447841.6,,,
A0001,IN,MPJP,?é‘äÌ (ï€?ïi),2021-07-02,2021-10-22,TW90099,Micro BXW,A01,120101,BXW-05-10H-24V,PCS,1489,001,610,226890.72,,,
A0001,IN,MPJP,íËéq (ï€?ïi),2021-08-31,2021-09-01,TW92875,Micro BXW,A01,120101,BXW-01-10-84X 24V 6.1W,PCS,,001,10,,,,
A0001,IN,MPJP,?é‘äÌ (ï€?ïi),2021-09-08,2021-12-23,TW91409,Micro BXW,A01,120101,BXW-01-10-115,PCS,1853,001,800,374009.6,,,
A0001,IN,MPJP,?é‘äÌ (ï€?ïi),2021-09-08,2021-12-23,TW90099,Micro BXW,A01,120101,BXW-05-10H-24V,PCS,1489,001,1000,375675,,,
A0001,IN,MPJP,?é‘äÌ (ï€?ïi),2021-09-08,2021-12-23,TW91465,Micro BXW,A01,120101,BXW-02-10-67,PCS,1853,001,1000,467512,,,
A0001,IN,MPJP,ÁzéqìÖëg (ï€?ïi),2021-09-08,2021-12-23,130840800,Micro BXW,A01,120101,BXW-03-10 8,SET,81,001,5000,102182,,,
A0001,IN,MPJP,ÁzéqìÖëg (ï€?ïi),2021-09-08,2021-12-23,TW92613,Micro BXW,A01,120101,BXW-04-10 10áì,SET,100,001,3000,75690,,,
A0001,IN,MPJP,?é‘äÌ (ï€?ïi),2021-09-08,2021-12-23,127796900,Micro BXW,A01,120101,BXW-01-10H-24V,PCS,1036,001,1000,261383,,,
A0001,IN,MPJP,?é‘äÌ (ï€?ïi),2021-09-08,2021-12-23,127797400,Micro BXW,A01,120101,BXW-01-10S-24V,PCS,1029,001,1000,259617,,,
A0001,IN,MPJP,?é‘äÌ (ï€?ïi),2021-09-08,2021-12-23,TW90039,Micro BXW,A01,120101,BXW-02-10H-24V,PCS,1007,001,1000,254066,,,
A0001,IN,MPJP,?é‘äÌ (ï€?ïi),2021-09-08,2021-12-23,127799800,Micro BXW,A01,120101,BXW-04-10M-10-90V,PCS,1586,001,1000,400148,,,
A0001,IN,MPJP,?é‘äÌ (ï€?ïi),2021-09-08,2021-12-23,127800000,Micro BXW,A01,120101,BXW-04-10S-24V,PCS,1322,001,1000,333541,,,
A0001,IN,MPJP,?é‘äÌ (ï€?ïi),2021-09-08,2021-12-23,129355600,Micro BXW,A01,120101,BXW-05-10-70,PCS,1668,001,1000,420836,,,
A0001,IN,MPJP,?é‘äÌ (ï€?ïi),2021-09-08,2022-02-03,TW92854,Micro BXW,A01,120101,BXW-01-10-130,PCS,1600,001,1000,403680,,,
A0001,IN,MPJP,?é‘äÌ (ï€?ïi),2021-09-08,2022-03-04,TW92854,Micro BXW,A01,120101,BXW-01-10-130,PCS,1600,001,1000,403680,,,
A0001,IN,MPJP,å∏ë¨ã@,2021-10-18,2021-12-24,TW91346,Reduction Gear,A01,310200,NHN-50-10R INPUT SHAFT-BALL TYPE,PCS,11624,001,3,8687,,,
A0001,IN,MPJP,å∏ë¨ã@,2021-10-18,2021-12-24,TW91024,Reduction Gear,A01,310200,NHN-50-20L INPUT SHAFT-BALL TYPE,PCS,11624,001,3,8687,,,
A0001,IN,MPJP,å∏ë¨ã@,2021-10-18,2021-12-24,TW90949,Reduction Gear,A01,310200,NHN-50-30L INPUT SHAFT-BALL TYPE,PCS,11624,001,2,5791,,,
A0001,IN,MPJP,å∏ë¨ã@,2021-10-18,2021-12-24,TW92713,Reduction Gear,A01,310200,NHN-50-30R INPUT SHAFT-BALL TYPE,PCS,11624,001,3,8687,,,
A0001,IN,MPJP,å∏ë¨ã@,2021-10-18,2021-12-24,TW91025,Reduction Gear,A01,310200,NHN-50-40R INPUT SHAFT-BALL TYPE,PCS,11624,001,2,5791,,,
A0001,IN,MPJP,å∏ë¨ã@,2021-10-18,2021-12-24,TW90950,Reduction Gear,A01,310200,NHN-50-60L INPUT SHAFT-BALL TYPE,PCS,11624,001,3,8687,,,
A0001,IN,MPJP,å∏ë¨ã@,2021-10-18,2021-12-24,TW91188,Reduction Gear,A01,310200,NHN-60-10L INPUT TAPPER ROLLER TYPE,PCS,15069,001,3,11261,,,
A0001,IN,MPJP,å∏ë¨ã@,2021-10-18,2021-12-24,TW91026,Reduction Gear,A01,310200,NHN-60-10R INPUT TAPPER ROLLER TYPE,PCS,15069,001,3,11261,,,
A0001,IN,MPJP,å∏ë¨ã@,2021-10-18,2021-12-24,TW90952,Reduction Gear,A01,310200,NHN-60-50R INPUT TAPPER ROLLER TYPE,PCS,15069,001,3,11261,,,
A0001,IN,MPJP,å∏ë¨ã@,2021-10-18,2021-12-24,TW91012,Reduction Gear,A01,310200,NHN-50-60R INPUT SHAFT-BALL TYPE,PCS,11624,001,5,14478,,,
A0001,IN,MPJP,å∏ë¨ã@,2021-10-18,2021-11-26,TW91103,Reduction Gear,A01,310200,NHN-60-20L INPUT TAPPER ROLLER TYPE,PCS,15069,001,2,7507,,,
A0001,IN,MPJP,å∏ë¨ã@,2021-10-18,2021-11-26,TW91027,Reduction Gear,A01,310200,NHN-60-20R INPUT TAPPER ROLLER TYPE,PCS,15069,001,2,7507,,,
A0001,IN,MPJP,å∏ë¨ã@,2021-10-18,2021-11-26,TW91104,Reduction Gear,A01,310200,NHN-60-40R INPUT TAPPER ROLLER TYPE,PCS,15069,001,2,7507,,,
A0001,IN,MPJP,?é‘äÌ (ï€?ïi),2021-10-19,2021-11-26,TW90470,Micro BXW,A01,120101,BXW-03-10S-24V,PCS,1135,001,960,271419.84,,,
A0001,IN,MPJP,?é‘äÌ (ï€?ïi),2021-10-19,2022-02-18,TW90098,Micro BXW,A01,120101,BXW-03-10H-24V,PCS,1136,001,1590,449934.225,,,
A0001,IN,MPJP,?é‘äÌ (ï€?ïi),2021-10-19,2022-02-18,130406300,Micro BXW,A01,120101,BXW-02-10TL-90V,PCS,1331,001,1000,331552,,,
A0001,IN,MPJP,ÁzéqìÖëg (ï€?ïi),2021-10-19,2022-02-18,130841400,Micro BXW,A01,120101,BXW-04-10 8.5,SET,120,001,2000,59784,,,
A0001,IN,MPJP,?é‘äÌ (ï€?ïi),2021-10-19,2022-02-18,127796900,Micro BXW,A01,120101,BXW-01-10H-24V,PCS,1036,001,1000,258068,,,
A0001,IN,MPJP,?é‘äÌ (ï€?ïi),2021-10-19,2022-02-18,TW90039,Micro BXW,A01,120101,BXW-02-10H-24V,PCS,1007,001,1000,250844,,,
A0001,IN,MPJP,?é‘äÌ (ï€?ïi),2021-10-19,2022-02-18,TW90436,Micro BXW,A01,120101,BXW-02-10S-24V,PCS,1003,001,700,174892.9,,,
A0001,IN,MPJP,?é‘äÌ (ï€?ïi),2021-10-19,2022-02-18,TW90470,Micro BXW,A01,120101,BXW-03-10S-24V,PCS,1135,001,1000,282729,,,
A0001,IN,MPJP,?é‘äÌ (ï€?ïi),2021-10-19,2022-02-18,130893700,Micro BXW,A01,120101,BXW-04-10MS-05-180V,PCS,2163,001,1000,538803,,,
A0001,IN,MPJP,?é‘äÌ (ï€?ïi),2021-10-19,2022-02-18,TW90463,Micro BXW,A01,120101,BXW-05-10S-24V,PCS,1496,001,1000,372654,,,
A0001,IN,MPJP,å∏ë¨ã@,2021-11-12,2021-12-24,TW90946,Reduction Gear,A01,310200,NHN-60-60L INPUT TAPPER ROLLER TYPE,PCS,15069,001,10,36618,,,
A0001,IN,MPJP,?é‘äÌ (ï€?ïi),2021-11-17,2022-03-18,TW90098,Micro BXW,A01,120101,BXW-03-10H-24V,PCS,1136,001,1000,276048,,,
A0001,IN,MPJP,?é‘äÌ (ï€?ïi),2021-11-17,2022-03-18,127799500,Micro BXW,A01,120101,BXW-04-10M-05-90V,PCS,1567,001,1000,380781,,,
A0001,IN,MPJP,?é‘äÌ (ï€?ïi),2021-11-17,2022-03-18,130406300,Micro BXW,A01,120101,BXW-02-10TL-90V,PCS,1331,001,1000,323433,,,
A0001,IN,MPJP,?é‘äÌ (ï€?ïi),2021-11-17,2022-03-18,TW90431,Micro BXW,A01,120101,BXW-02-10L-24V,PCS,998,001,1000,242514,,,
A0001,IN,MPJP,?é‘äÌ (ï€?ïi),2021-11-17,2022-03-18,127796900,Micro BXW,A01,120101,BXW-01-10H-24V,PCS,1036,001,1000,251748,,,
A0001,IN,MPJP,?é‘äÌ (ï€?ïi),2021-11-17,2022-03-18,TW90426,Micro BXW,A01,120101,BXW-02-10H-90V,PCS,1063,001,1000,258309,,,
A0001,IN,MPJP,?é‘äÌ (ï€?ïi),2021-11-17,2022-03-18,127797900,Micro BXW,A01,120101,BXW-04-10H-24V,PCS,1298,001,1000,315414,,,
A0001,IN,MPJP,?é‘äÌ (ï€?ïi),2021-11-17,2022-03-18,TW90099,Micro BXW,A01,120101,BXW-05-10H-24V,PCS,1489,001,1000,361827,,,
A0001,IN,MPJP,?é‘äÌ (ï€?ïi),2021-11-17,2022-03-18,130880300,Micro BXW,A01,120101,BXW-03-12H-24V,PCS,1255,001,500,152483,,,
A0001,IN,MPJP,ÁzéqìÖëg (ï€?ïi),2021-11-17,2022-03-18,130839200,Micro BXW,A01,120101,BXW-02-10 7 D hole,SET,54,001,500,6561,,,
A0001,IN,MPJP,?é‘äÌ (ï€?ïi),2021-11-17,2022-03-18,127797400,Micro BXW,A01,120101,BXW-01-10S-24V,PCS,1029,001,1000,250047,,,
A0001,IN,MPJP,?é‘äÌ (ï€?ïi),2021-11-17,2022-03-18,127798800,Micro BXW,A01,120101,BXW-04-10L-90V,PCS,1314,001,1000,319302,,,
A0001,IN,MPJP,?é‘äÌ (ï€?ïi),2021-11-25,2022-02-25,130888000,Micro BXW,A01,120101,BXW-01-10-01,PCS,2120,001,400,205131,,,
A0001,IN,MPJP,?é‘äÌ (ï€?ïi),2021-11-25,2022-03-25,130888000,Micro BXW,A01,120101,BXW-01-10-01,PCS,2120,001,300,153848,,,
A0001,IN,MPJP,?é‘äÌ (ï€?ïi),2021-11-25,2022-04-22,130888000,Micro BXW,A01,120101,BXW-01-10-01,PCS,2120,001,300,153848,,,
A0001,IN,MPJP,ìdåπÂ‰íu,2021-11-30,2021-12-24,128381700,Other CB,A01,190900,BEM-24ESN7-120N,PCS,1254,001,80,24267,,,
A0001,IN,MPJP,ìdåπÂ‰íu,2021-11-30,2021-12-24,TW93069,Other CB,A01,190900,BEM-24ESN-A-19,PCS,1254,001,20,6067,,,
A0001,IN,MPJP,å∏ë¨ã@,2021-12-14,2022-01-28,TW91841,Reduction Gear,A01,310200,AXF-60-20L-N,PCS,13175,001,3,9581,,,
A0001,IN,MPJP,å∏ë¨ã@,2021-12-14,2022-01-28,TW90949,Reduction Gear,A01,310200,NHN-50-30L INPUT SHAFT-BALL TYPE,PCS,11624,001,5,14088,,,
A0001,IN,MPJP,å∏ë¨ã@,2021-12-14,2022-01-28,TW91029,Reduction Gear,A01,310200,NHN-60-50L INPUT TAPPER ROLLER TYPE,PCS,15069,001,5,18264,,,
A0001,IN,MPJP,å∏ë¨ã@,2021-12-14,2022-01-28,TW90945,Reduction Gear,A01,310200,NHN-60-60R INPUT TAPPER ROLLER TYPE,PCS,15069,001,5,18264,,,
A0001,IN,MPJP,å∏ë¨ã@,2021-12-16,2022-01-28,TW90949,Reduction Gear,A01,310200,NHN-50-30L INPUT SHAFT-BALL TYPE,PCS,11624,001,10,28177,,,
A0001,IN,MPJP,?é‘äÌ (ï€?ïi),2021-12-27,2022-04-22,TW91409,Micro BXW,A01,120101,BXW-01-10-115,PCS,1853,001,1000,449353,,,
A0001,IN,MPJP,?é‘äÌ (ï€?ïi),2021-12-27,2022-04-22,TW91465,Micro BXW,A01,120101,BXW-02-10-67,PCS,1853,001,1000,449353,,,
A0001,IN,MPJP,ÁzéqìÖëg (ï€?ïi),2021-12-27,2022-04-22,130838300,Micro BXW,A01,120101,BXW-01-10 5,SET,87,001,5000,105488,,,
A0001,IN,MPJP,ÁzéqìÖëg (ï€?ïi),2021-12-27,2022-04-22,130840800,Micro BXW,A01,120101,BXW-03-10 8,SET,81,001,5000,98213,,,
A0001,IN,MPJP,ÁzéqìÖëg (ï€?ïi),2021-12-27,2022-04-22,TW92613,Micro BXW,A01,120101,BXW-04-10 10áì,SET,100,001,3000,72750,,,
A0001,IN,MPJP,ÁzéqìÖëg (ï€?ïi),2021-12-27,2022-04-22,130841400,Micro BXW,A01,120101,BXW-04-10 8.5,SET,120,001,3000,87300,,,
A0001,IN,MPJP,?é‘äÌ (ï€?ïi),2021-12-27,2022-04-22,127796900,Micro BXW,A01,120101,BXW-01-10H-24V,PCS,1036,001,2000,502460,,,
A0001,IN,MPJP,?é‘äÌ (ï€?ïi),2021-12-27,2022-04-22,TW90039,Micro BXW,A01,120101,BXW-02-10H-24V,PCS,1007,001,1000,244198,,,
A0001,IN,MPJP,?é‘äÌ (ï€?ïi),2021-12-27,2022-04-22,TW90098,Micro BXW,A01,120101,BXW-03-10H-24V,PCS,1136,001,1000,275480,,,
A0001,IN,MPJP,?é‘äÌ (ï€?ïi),2021-12-27,2022-04-22,TW90470,Micro BXW,A01,120101,BXW-03-10S-24V,PCS,1135,001,1000,275238,,,
A0001,IN,MPJP,?é‘äÌ (ï€?ïi),2021-12-27,2022-04-22,127799800,Micro BXW,A01,120101,BXW-04-10M-10-90V,PCS,1586,001,1000,384605,,,
A0001,IN,MPJP,?é‘äÌ (ï€?ïi),2021-12-27,2022-04-22,130893700,Micro BXW,A01,120101,BXW-04-10MS-05-180V,PCS,2163,001,1000,524528,,,
A0001,IN,MPJP,?é‘äÌ (ï€?ïi),2021-12-27,2022-04-22,130893600,Micro BXW,A01,120101,BXW-04-10MS-05-90V,PCS,2241,001,1000,543443,,,
A0001,IN,MPJP,?é‘äÌ (ï€?ïi),2021-12-27,2022-04-22,129355600,Micro BXW,A01,120101,BXW-05-10-70,PCS,1668,001,1000,404490,,,
A0001,IN,MPJP,?é‘äÌ (ï€?ïi),2021-12-27,2022-04-22,TW90467,Micro BXW,A01,120101,BXW-05-10H-90V,PCS,1610,001,500,195213,,,
A0001,IN,MPJP,?é‘äÌ (ï€?ïi),2021-12-27,2022-04-22,TW90475,Micro BXW,A01,120101,BXW-05-10L-90V,PCS,1492,001,1000,361810,,,
A0001,IN,MPJP,?é‘äÌ (ï€?ïi),2021-12-27,2022-04-22,127939500,Micro BXW,A01,120101,BXW-05-10M-45V,PCS,2552,001,500,309430,,,
A0001,IN,MPJP,ÁzéqìÖëg (ï€?ïi),2021-12-27,2022-04-22,130839000,Micro BXW,A01,120101,BXW-02-10 6,SET,80,001,5000,97000,,,
A0001,IN,MPJP,âï˙ûÖ(ï€?ïi),2022-01-13,2022-02-25,TW92299,Micro BXW,A01,120101,BXW-05-12S (Honse),PCS,433,001,500,51094,,,
A0001,IN,MPJP,?é‘äÌ (ï€?ïi),2022-01-13,2022-02-25,TW90436,Micro BXW,A01,120101,BXW-02-10S-24V,PCS,1003,001,1000,236708,,,
,,,,,,,,,,,,,,,,,,
