MPIN,2,'2021/12/10,'2021/02/20,OUT,ACE MANUFACTURING SYSTEMS LIMITED,10 - Machine tool,,SFC-090DA2-28B-35B,150,INR,4115,2849.16,2301,MPIN,OUT,,
MPIN,2,'2021/12/10,'2021/06/20,IN,MIKI PULLEY TAIWAN CO. LTD.,98 - Miki Group Company,,CLAMPING HUB A SFC-050DA2-BW PILOT BORE DIA 6 (JINDAL),1000,INR,2.17,149.49,2301,MPIN,OUT,,
MPIN,2,'2021/12/10,'2021/06/20,IN,MIKI PULLEY TAIWAN CO. LTD.,98 - Miki Group Company,,CLAMPING HUB B SFC-080DA2-PILOT BORE DIA 16 (JINDAL),700,INR,5.58,385.25,2301,MPIN,OUT,,
MPIN,2,'2021/12/10,'2021/06/20,IN,MIKI PULLEY TAIWAN CO. LTD.,98 - Miki Group Company,,CLAMPING HUB B SFC-090DA2-BW PILOT BORE DIA 18 (JINDAL),200,INR,7.26,500.82,2301,MPIN,OUT,,
MPIN,2,'2021/12/10,'2021/06/20,IN,MIKI PULLEY TAIWAN CO. LTD.,98 - Miki Group Company,,CLAMPING HUB B SFC-080DA2-BW FINISHED BORE 30MM,300,INR,5.73,376.37,2301,MPIN,OUT,,
MPIN,2,'2021/12/10,'2021/06/20,IN,MIKI PULLEY TAIWAN CO. LTD.,98 - Miki Group Company,,CLAMPING HUB B SFC-080DA2-BW FINISHED BORE 28MM,300,INR,5.73,376.37,2301,MPIN,OUT,,
MPIN,2,'2021/12/10,'2021/06/20,IN,MIKI PULLEY TAIWAN CO. LTD.,98 - Miki Group Company,,CLAMPING HUB B SFC-080DA2-BW FINISHED BORE 25MM,500,INR,5.73,376.37,2301,MPIN,OUT,,
MPIN,2,'2021/12/10,'2021/06/20,IN,MIKI PULLEY TAIWAN CO. LTD.,98 - Miki Group Company,,CLAMPING HUB B SFC-080DA2-BW FINISHED BORE 24MM,300,INR,5.73,395.25,2301,MPIN,OUT,,
MPIN,2,'2021/12/10,'2021/06/20,IN,MIKI PULLEY TAIWAN CO. LTD.,98 - Miki Group Company,,CLAMPING HUB B SFC-090DA2-BW FINISHED BORE DIA 25,300,INR,7.4,510.82,2301,MPIN,OUT,,
MPIN,2,'2021/12/10,'2021/06/20,IN,MIKI PULLEY TAIWAN CO. LTD.,98 - Miki Group Company,,CLAMPING HUB B SFC-090DA2-BW FINISHED BORE DIA 35,500,INR,7.4,500.82,2301,MPIN,OUT,,
MPIN,2,'2021/12/10,'2021/10/08,IN,MIKI PULLEY TAIWAN CO. LTD.,98 - Miki Group Company,,SPACER SFC-035DA2-BW-11L (JINDAL),500,INR,0.9,61.81,2301,MPIN,OUT,,
MPIN,2,'2021/12/10,'2022/03/30,OUT,ACE MANUFACTURING SYSTEMS LIMITED,10 - Machine tool,,SFC-060DA2-20B-24B-A,100,INR,2090,1101.69,2301,MPIN,OUT,,
MPIN,2,'2021/12/10,'2022/03/30,OUT,ACE MANUFACTURING SYSTEMS LIMITED,10 - Machine tool,,SFC-060DA2-20B-35B-B,25,INR,2090,1101.69,2301,MPIN,OUT,,
MPIN,2,'2021/12/10,'2022/03/30,OUT,ACE MANUFACTURING SYSTEMS LIMITED,10 - Machine tool,,SFC-050DA2-20B-16BC-C,25,INR,2050,1288.71,2301,MPIN,OUT,,
MPIN,2,'2021/12/10,'2021/03/23,OUT,ACE MANUFACTURING SYSTEMS LIMITED,10 - Machine tool,,SFC-090DA2-28B-35B,5,INR,4115,2849.16,2301,MPIN,OUT,,
MPIN,2,'2021/12/10,'2022/03/30,OUT,ACE MANUFACTURING SYSTEMS LIMITED,10 - Machine tool,,SFC-060DA2-28B-35B-C,60,INR,2090,1101.69,2301,MPIN,OUT,,
MPIN,2,'2021/12/10,'2022/03/30,OUT,ACE MANUFACTURING SYSTEMS LIMITED,10 - Machine tool,,SFC-060DA2-20B-32B-B,66,INR,2090,1101.69,2301,MPIN,OUT,,
MPIN,2,'2021/12/10,'2022/03/30,OUT,ACE MANUFACTURING SYSTEMS LIMITED,10 - Machine tool,,ALS-065-G-20B-24B,15,INR,1828,1302,2202,MPIN,OUT,,
MPIN,2,'2021/12/10,'2022/03/30,OUT,ACE MANUFACTURING SYSTEMS LIMITED,10 - Machine tool,,ALS-065-G-20B-35B,1,INR,1828,1302,2202,MPIN,OUT,,
MPIN,2,'2021/12/10,'2022/03/30,OUT,ACE MANUFACTURING SYSTEMS LIMITED,10 - Machine tool,,ALS-065-G-28B-35B,3,INR,1828,1302,2202,MPIN,OUT,,
MPIN,2,'2021/12/10,'2021/05/25,OUT,ASKAR MICRONS (P) LTD.,10 - Machine tool,,SFC-050DA2-19B-22B-B,10,INR,1862,645.71,2301,MPIN,OUT,,
MPIN,2,'2021/12/10,'2021/08/25,IN,MIKI PULLEY (TIANJIN) CO. LTD.,98 - Miki Group Company,,CLAMPING HUB B SFC-010DA2-BW FINISHED BORE 8mm,1500,INR,0.88,61.41,2301,MPIN,OUT,,
MPIN,2,'2021/12/10,'2021/06/10,OUT,ACE DESIGNERS LIMITED,10 - Machine tool,,SFC-050DA2-20B-16BC-C,50,INR,1965,1288.71,2301,MPIN,OUT,,
MPIN,2,'2021/12/10,'2021/07/10,OUT,ACE DESIGNERS LIMITED,10 - Machine tool,,SFC-050DA2-20B-16BC-C,50,INR,1965,1288.71,2301,MPIN,OUT,,
MPIN,2,'2021/12/10,'2021/07/20,OUT,ACE DESIGNERS LIMITED,10 - Machine tool,,SFC-050DA2-20B-16BC-C,350,INR,1965,1288.71,2301,MPIN,OUT,,
MPIN,2,'2021/12/10,'2021/08/10,OUT,ACE DESIGNERS LIMITED,10 - Machine tool,,SFC-050DA2-20B-16BC-C,100,INR,1965,1288.71,2301,MPIN,OUT,,
MPIN,2,'2021/12/10,'2021/07/15,IN,MIKI PULLEY TAIWAN CO. LTD.,98 - Miki Group Company,,CLAMPING HUB B SFC-010DA2-PILOT BORE DIA 6 (JINDAL),500,INR,0.67,46.41,2301,MPIN,OUT,,
MPIN,2,'2021/12/10,'2021/07/15,IN,MIKI PULLEY TAIWAN CO. LTD.,98 - Miki Group Company,,CLAMPING HUB A SFC-050DA2-BW PILOT BORE DIA 6 (JINDAL),1000,INR,2.17,149.49,2301,MPIN,OUT,,
MPIN,2,'2021/12/10,'2021/07/15,IN,MIKI PULLEY TAIWAN CO. LTD.,98 - Miki Group Company,,Clamping Hub SFC-080DA2 Pilot Bore,2000,INR,5.58,385.25,2301,MPIN,OUT,,
MPIN,2,'2021/12/10,'2021/07/15,IN,MIKI PULLEY TAIWAN CO. LTD.,98 - Miki Group Company,,Clamping Hub SFC-090DA2 Pilot Bore,500,INR,7.26,500.82,2301,MPIN,OUT,,
MPIN,2,'2021/12/10,'2021/07/15,IN,MIKI PULLEY TAIWAN CO. LTD.,98 - Miki Group Company,,SPACER SFC-035DA2-BW-11L (JINDAL),2000,INR,0.9,61.81,2301,MPIN,OUT,,
MPIN,2,'2021/12/10,'2021/05/01,IN,MIKI PULLEY TAIWAN CO. LTD.,98 - Miki Group Company,,CLAMPING HUB B SFC-060DA2-BW PILOT BORE DIA 9 T400 (JINDAL),468,INR,3.91,230.45,2301,MPIN,OUT,,
MPIN,2,'2021/12/10,'2021/04/30,IN,MIKI PULLEY TAIWAN CO. LTD.,98 - Miki Group Company,,SPACER SFC-060DA2-BW-16.5L (JINDAL),440,INR,2.61,179.98,2301,MPIN,OUT,,
MPIN,2,'2021/12/10,'2021/08/09,OUT,ACE DESIGNERS LIMITED,10 - Machine tool,,SFC-050DA2-20B-16BC-C,450,INR,1965,1288.71,2301,MPIN,OUT,,
MPIN,2,'2021/12/10,'2021/08/16,IN,MIKI PULLEY TAIWAN CO. LTD.,98 - Miki Group Company,,CLAMPING HUB B SFC-010DA2-PILOT BORE DIA 6 (JINDAL),778,INR,0.67,46.41,2301,MPIN,OUT,,
MPIN,2,'2021/12/10,'2021/08/16,IN,MIKI PULLEY TAIWAN CO. LTD.,98 - Miki Group Company,,CLAMPING HUB A SFC-040DA2-BW PILOT BORE DIA 6 (JINDAL),1000,INR,1.32,78.55,2301,MPIN,OUT,,
MPIN,2,'2021/12/10,'2021/08/16,IN,MIKI PULLEY TAIWAN CO. LTD.,98 - Miki Group Company,,CLAMPING HUB A SFC-050DA2-BW PILOT BORE DIA 6 (JINDAL),1500,INR,2.17,149.49,2301,MPIN,OUT,,
MPIN,2,'2021/12/10,'2021/08/16,IN,MIKI PULLEY TAIWAN CO. LTD.,98 - Miki Group Company,,CLAMPING HUB B SFC-060DA2-BW PILOT BORE DIA 9 T400 (JINDAL),1000,INR,3.91,230.45,2301,MPIN,OUT,,
MPIN,2,'2021/12/10,'2021/08/16,IN,MIKI PULLEY TAIWAN CO. LTD.,98 - Miki Group Company,,CLAMPING HUB B SFC-080DA2-PILOT BORE DIA 16 (JINDAL),2000,INR,5.58,385.25,2301,MPIN,OUT,,
MPIN,2,'2021/12/10,'2021/08/16,IN,MIKI PULLEY TAIWAN CO. LTD.,98 - Miki Group Company,,SPACER SFC-025DA2-BW-7.5L,500,INR,0.59,40.61,2301,MPIN,OUT,,
MPIN,2,'2021/12/10,'2021/08/16,IN,MIKI PULLEY TAIWAN CO. LTD.,98 - Miki Group Company,,SPACER SFC-035DA2-BW-11L,2000,INR,0.9,61.81,2301,MPIN,OUT,,
MPIN,2,'2021/12/10,'2021/11/15,OUT,JCB INDIA LTD,4 - Construction machinery,,CF-A-030-01-T39,336,INR,9192,6406,2101,MPJP,IN,,
MPIN,2,'2021/12/10,'2021/09/16,IN,MIKI PULLEY TAIWAN CO. LTD.,98 - Miki Group Company,,CLAMPING HUB A SFC-010DA2-PILOT BORE DIA 2 (JINDAL),1700,INR,0.67,46.41,2301,MPIN,OUT,,
MPIN,2,'2021/12/10,'2021/09/16,IN,MIKI PULLEY TAIWAN CO. LTD.,98 - Miki Group Company,,CLAMPING HUB B SFC-010DA2-PILOT BORE DIA 6 (JINDAL),922,INR,0.67,46.41,2301,MPIN,OUT,,
MPIN,2,'2021/12/10,'2021/09/16,IN,MIKI PULLEY TAIWAN CO. LTD.,98 - Miki Group Company,,CLAMPING HUB SFC-035DA2-BW PILOT BORE DIA 4 (JINDAL),585,INR,1.13,77.76,2301,MPIN,OUT,,
MPIN,2,'2021/12/10,'2021/09/16,IN,MIKI PULLEY TAIWAN CO. LTD.,98 - Miki Group Company,,CLAMPING HUB A SFC-040DA2-BW PILOT BORE DIA 6 (JINDAL),1000,INR,1.32,78.55,2301,MPIN,OUT,,
MPIN,2,'2021/12/10,'2021/09/16,IN,MIKI PULLEY TAIWAN CO. LTD.,98 - Miki Group Company,,CLAMPING HUB B SFC-060DA2-BW PILOT BORE DIA 9 T400 (JINDAL),1000,INR,3.91,230.45,2301,MPIN,OUT,,
MPIN,2,'2021/12/10,'2021/09/16,IN,MIKI PULLEY TAIWAN CO. LTD.,98 - Miki Group Company,,CLAMPING HUB B SFC-080DA2-PILOT BORE DIA 16 (JINDAL),1500,INR,5.58,385.25,2301,MPIN,OUT,,
MPIN,2,'2021/12/10,'2021/09/16,IN,MIKI PULLEY TAIWAN CO. LTD.,98 - Miki Group Company,,SPACER SFC-020DA2-BW-7.5L (JINDAL),1000,INR,0.55,37.98,2301,MPIN,OUT,,
MPIN,2,'2021/12/10,'2021/09/16,IN,MIKI PULLEY TAIWAN CO. LTD.,98 - Miki Group Company,,SPACER SFC-040DA2-BW-11L (JINDAL),1000,INR,0.99,68.32,2301,MPIN,OUT,,
MPIN,2,'2021/12/10,'2021/06/18,OUT,ACE DESIGNERS LIMITED,10 - Machine tool,,PSL-G-50,5,INR,1932,1170,2602,MPTJ,OUT,,
MPIN,2,'2021/12/10,'2021/07/21,OUT,JCB India Ltd. Pune Parts Centre,4 - Construction machinery,,CF-A-030-01-T39,5,INR,9192,6406,2101,MPJP,IN,,
MPIN,2,'2021/12/10,'2021/08/21,OUT,JCB India Ltd. Pune Parts Centre,4 - Construction machinery,,CF-A-030-01-T39,6,INR,9192,6406,2101,MPJP,IN,,
MPIN,2,'2021/12/10,'2021/09/21,OUT,JCB India Ltd. Pune Parts Centre,4 - Construction machinery,,CF-A-030-01-T39,6,INR,9192,6406,2101,MPJP,IN,,
MPIN,2,'2021/12/10,'2021/10/21,OUT,JCB India Ltd. Pune Parts Centre,4 - Construction machinery,,CF-A-030-01-T39,8,INR,9192,6406,2101,MPJP,IN,,
MPIN,2,'2021/12/10,'2021/11/22,OUT,JCB India Ltd. Pune Parts Centre,4 - Construction machinery,,CF-A-030-01-T39,6,INR,9192,6406,2101,MPJP,IN,,
MPIN,2,'2021/12/10,'2021/12/21,OUT,JCB India Ltd. Pune Parts Centre,4 - Construction machinery,,CF-A-030-01-T39,6,INR,9192,6406,2101,MPJP,IN,,
MPIN,2,'2021/12/10,'2022/01/21,OUT,JCB India Ltd. Pune Parts Centre,4 - Construction machinery,,CF-A-030-01-T39,8,INR,9192,6406,2101,MPJP,IN,,
MPIN,2,'2021/12/10,'2021/10/11,IN,MIKI PULLEY (TIANJIN) CO. LTD.,98 - Miki Group Company,,CLAMPING HUB A SFC-030DA2-BW FINISHED BORE 10mm,2000,INR,1.01,66.48,2301,MPIN,OUT,,
MPIN,2,'2021/12/10,'2021/10/11,IN,MIKI PULLEY (TIANJIN) CO. LTD.,98 - Miki Group Company,,CLAMPING HUB B SFC-030DA2-BW FINISHED BORE 14mm,6000,INR,1.01,76.92,2301,MPIN,OUT,,
MPIN,2,'2021/12/10,'2021/10/11,IN,MIKI PULLEY (TIANJIN) CO. LTD.,98 - Miki Group Company,,SPACER SFC-030DA2-BW-8L (JINDAL),1000,INR,0.66,50.68,2301,MPIN,OUT,,
MPIN,2,'2021/12/10,'2021/07/10,OUT,VASAI TRANSMISSION,19 - Packaging machinery,,ALS-030-R-CLAMP TYPE,2,INR,700,395,2202,MPIN,OUT,,
MPIN,2,'2021/12/10,'2021/07/10,OUT,VASAI TRANSMISSION,19 - Packaging machinery,,ALS-040-R-CLAMP TYPE,3,INR,882,500,2202,MPIN,OUT,,
MPIN,2,'2021/12/10,'2021/07/10,OUT,VASAI TRANSMISSION,19 - Packaging machinery,,ALS-030-R-EL-P (100),6,INR,185,104,2202,MPJP,IN,,
MPIN,2,'2021/12/10,'2021/07/10,OUT,VASAI TRANSMISSION,19 - Packaging machinery,,ALS-040-R-EL-P (100),6,INR,198,112,2202,MPJP,IN,,
MPIN,2,'2021/12/10,'2021/07/31,OUT,HMT MACHINE TOOLS LIMITED-PINJORE,10 - Machine tool,,SFC-080DA2-32B-38B,3,INR,5212,1819.65,2301,MPIN,OUT,,
MPIN,2,'2021/12/10,'2021/11/30,OUT,R K INDUSTRIAL AUTOMATION PRODUCTS,80 - Trading Company,,SFH-170S (Pilot Bore),6,INR,28812,14951,2302,MPJP,IN,,10 - Machine tool
MPIN,2,'2021/12/10,'2021/12/22,OUT,R K INDUSTRIAL AUTOMATION PRODUCTS,80 - Trading Company,,SFH-170S (Pilot Bore),6,INR,28812,14951,2302,MPJP,IN,,10 - Machine tool
MPIN,2,'2021/12/10,'2021/11/02,IN,MIKI PULLEY (TIANJIN) CO. LTD.,98 - Miki Group Company,,CLAMPING HUB B SFC-010DA2-BW FINISHED BORE 8mm,1000,INR,0.88,61.41,2301,MPIN,OUT,,
MPIN,2,'2021/12/10,'2021/11/02,IN,MIKI PULLEY (TIANJIN) CO. LTD.,98 - Miki Group Company,,CLAMPING HUB A SFC-030DA2-BW PILOT BORE DIA 4 (JINDAL),1500,INR,0.82,53.48,2301,MPIN,OUT,,
MPIN,2,'2021/12/10,'2021/11/02,IN,MIKI PULLEY (TIANJIN) CO. LTD.,98 - Miki Group Company,,CLAMPING HUB B SFC-030DA2-BW PILOT BORE DIA 8 (JINDAL),1500,INR,0.82,63.92,2301,MPIN,OUT,,
MPIN,2,'2021/12/10,'2021/11/02,IN,MIKI PULLEY (TIANJIN) CO. LTD.,98 - Miki Group Company,,CLAMPING HUB A SFC-030DA2-BW FINISHED BORE 10mm,2000,INR,1.01,66.48,2301,MPIN,OUT,,
MPIN,2,'2021/12/10,'2021/11/02,IN,MIKI PULLEY (TIANJIN) CO. LTD.,98 - Miki Group Company,,CLAMPING HUB B SFC-030DA2-BW FINISHED BORE 14mm,2000,INR,1.01,76.92,2301,MPIN,OUT,,
MPIN,2,'2021/12/10,'2021/11/02,IN,MIKI PULLEY (TIANJIN) CO. LTD.,98 - Miki Group Company,,CLAMPING HUB B SFC-040DA2-BW FINISHED BORE 19MM,1000,INR,1.29,101.01,2301,MPIN,OUT,,
MPIN,2,'2021/12/10,'2021/09/08,OUT,BHARAT FRITZ WERNER LTD,10 - Machine tool,,SFF-100DS-T051 (48-60),7,INR,26282,13446,2302,MPJP,IN,,
MPIN,2,'2021/12/10,'2021/12/02,IN,MIKI PULLEY (TIANJIN) CO. LTD.,98 - Miki Group Company,,CLAMPING HUB A SFC-010DA2-PILOT BORE DIA 2 (JINDAL),1000,INR,0.66,46.41,2301,MPIN,OUT,,
MPIN,2,'2021/12/10,'2021/12/02,IN,MIKI PULLEY (TIANJIN) CO. LTD.,98 - Miki Group Company,,CLAMPING HUB B SFC-010DA2-BW FINISHED BORE 8mm,1000,INR,0.88,61.41,2301,MPIN,OUT,,
MPIN,2,'2021/12/10,'2021/12/02,IN,MIKI PULLEY (TIANJIN) CO. LTD.,98 - Miki Group Company,,CLAMPING HUB A SFC-030DA2-BW PILOT BORE DIA 4 (JINDAL),2000,INR,0.82,53.48,2301,MPIN,OUT,,
MPIN,2,'2021/12/10,'2021/12/02,IN,MIKI PULLEY (TIANJIN) CO. LTD.,98 - Miki Group Company,,CLAMPING HUB B SFC-030DA2-BW PILOT BORE DIA 8 (JINDAL),2000,INR,0.82,63.92,2301,MPIN,OUT,,
MPIN,2,'2021/12/10,'2021/12/02,IN,MIKI PULLEY (TIANJIN) CO. LTD.,98 - Miki Group Company,,CLAMPING HUB A SFC-030DA2-BW FINISHED BORE 10mm,2000,INR,1.01,66.48,2301,MPIN,OUT,,
MPIN,2,'2021/12/10,'2021/12/02,IN,MIKI PULLEY (TIANJIN) CO. LTD.,98 - Miki Group Company,,CLAMPING HUB B SFC-030DA2-BW FINISHED BORE 14mm,2000,INR,1.01,76.92,2301,MPIN,OUT,,
MPIN,2,'2021/12/10,'2021/12/02,IN,MIKI PULLEY (TIANJIN) CO. LTD.,98 - Miki Group Company,,SPACER SFC-030DA2-BW-8L (JINDAL),1000,INR,0.66,50.68,2301,MPIN,OUT,,
MPIN,2,'2021/12/10,'2021/12/02,IN,MIKI PULLEY (TIANJIN) CO. LTD.,98 - Miki Group Company,,CLAMPING HUB B SFC-040DA2-BW PILOT BORE DIA 13(JINDAL),1000,INR,1.15,90.75,2301,MPIN,OUT,,
MPIN,2,'2021/12/10,'2021/12/02,IN,MIKI PULLEY (TIANJIN) CO. LTD.,98 - Miki Group Company,,CLAMPING HUB A SFC-040DA2-BW FINISHED BORE 12mm,500,INR,1.29,88.55,2301,MPIN,OUT,,
MPIN,2,'2021/12/10,'2021/12/02,IN,MIKI PULLEY (TIANJIN) CO. LTD.,98 - Miki Group Company,,CLAMPING HUB A SFC-040DA2-BW FINISHED BORE 14mm,500,INR,1.29,88.55,2301,MPIN,OUT,,
MPIN,2,'2021/12/10,'2021/12/02,IN,MIKI PULLEY (TIANJIN) CO. LTD.,98 - Miki Group Company,,CLAMPING HUB B SFC-040DA2-BW FINISHED BORE 16mm,500,INR,1.29,101.01,2301,MPIN,OUT,,
MPIN,2,'2021/12/10,'2021/12/02,IN,MIKI PULLEY (TIANJIN) CO. LTD.,98 - Miki Group Company,,CLAMPING HUB B SFC-040DA2-BW FINISHED BORE 19MM,500,INR,1.29,101.01,2301,MPIN,OUT,,
MPIN,2,'2021/12/10,'2021/11/30,OUT,ACE MANUFACTURING SYSTEMS LIMITED,10 - Machine tool,,ALS-065SGN-30KHA-35KSA,5,INR,9122,8930,2202,MPTW,OUT,,
MPIN,2,'2021/12/10,'2021/09/30,OUT,BHARAT FRITZ WERNER LTD,10 - Machine tool,,SFF-0100DS-35BJ-40BK-450N,2,INR,10029,8910,2302,MPJP,IN,,
MPIN,2,'2021/12/10,'2021/10/09,OUT,CENTRIC STEEL LTD,90 - Other machinery,,SFH-210G-75-75,1,INR,129325.4,52702,2302,MPJP,IN,,
MPIN,2,'2021/12/10,'2021/11/30,OUT,ALLENGERS MEDICAL SYSTEMS LIMITED,14 - Medical instrument,,546-23-34-NF 24V40 DIN,30,INR,44752,38000,1501,MMB,OUT,,
MPIN,2,'2021/12/10,'2021/09/30,OUT,BHARAT FRITZ WERNER LTD,10 - Machine tool,,SFC-050DA2-18B-19B-B,1,INR,2043,645.71,2301,MPIN,OUT,,
MPIN,2,'2021/12/10,'2021/09/30,OUT,BHARAT FRITZ WERNER LTD,10 - Machine tool,,SFC-050DA2-12B-19B-A,1,INR,2043,645.71,2301,MPIN,OUT,,
MPIN,2,'2021/12/10,'2021/09/30,OUT,BHARAT FRITZ WERNER LTD,10 - Machine tool,,SFC-050DA2-12B-19B-A,1,INR,2043,645.71,2301,MPIN,OUT,,
MPIN,2,'2021/12/10,'2021/11/01,OUT,NUTRON SYSTEMS PVT. LTD.,80 - Trading Company,,101-20-15G- 24V R40JIS A40JIS,3,INR,34842,24246.9,1301,MPJP,IN,,19 - Packaging machinery
MPIN,2,'2021/12/10,'2021/09/18,OUT,YANTRANG CNC AUTOMATION PVT. LTD.,10 - Machine tool,,SFC-050DA2-19B-20B-C,80,INR,1500,645.71,2301,MPIN,OUT,,
MPIN,2,'2021/12/10,'2021/09/18,OUT,YANTRANG CNC AUTOMATION PVT. LTD.,10 - Machine tool,,SFC-050DA2-20B-22B-C,80,INR,1500,645.71,2301,MPIN,OUT,,
MPIN,2,'2021/12/10,'2021/09/18,OUT,YANTRANG CNC AUTOMATION PVT. LTD.,10 - Machine tool,,SFC-050DA2-20B-24B-C,90,INR,1500,645.71,2301,MPIN,OUT,,
MPIN,2,'2021/12/10,'2021/09/18,OUT,YANTRANG CNC AUTOMATION PVT. LTD.,10 - Machine tool,,SFC-060DA2-20B-24B-C,40,INR,2620,1101.69,2301,MPIN,OUT,,
MPIN,2,'2021/12/10,'2021/09/18,OUT,YANTRANG CNC AUTOMATION PVT. LTD.,10 - Machine tool,,SFC-060DA2-24B-25B-C,40,INR,2620,1101.69,2301,MPIN,OUT,,
MPIN,2,'2021/12/10,'2021/09/18,OUT,YANTRANG CNC AUTOMATION PVT. LTD.,10 - Machine tool,,SFC-080DA2-25B-32B,34,INR,3500,1819.65,2301,MPIN,OUT,,
MPIN,2,'2021/12/10,'2021/09/18,OUT,YANTRANG CNC AUTOMATION PVT. LTD.,10 - Machine tool,,ALS-065-R-25B-35B,45,INR,1870,1302,2202,MPIN,OUT,,
MPIN,2,'2021/12/10,'2021/10/25,OUT,ALLENGERS MEDICAL SYSTEMS LIMITED,14 - Medical instrument,,546-23-34-NF 24V40 DIN,10,INR,44752,38000,1501,MMB,OUT,,
MPIN,2,'2021/12/10,'2021/10/25,OUT,PMT MACHINES LIMITED,10 - Machine tool,,SFF-100DS-32BJ-45BJ-450N,2,INR,20512,9231,2302,MPJP,IN,,
MPIN,2,'2021/12/10,'2021/10/25,OUT,PMT MACHINES LIMITED,10 - Machine tool,,SFF-100DS-32B-35BS-450N,1,INR,18462,9231,2302,MPJP,IN,,
MPIN,2,'2021/12/10,'2021/09/11,OUT,HILTON METAL FORGING LTD.,90 - Other machinery,,SFC-060DA2-25B-35B-C,2,INR,3742,1101.69,2301,MPIN,OUT,,
MPIN,2,'2021/12/10,'2021/09/11,OUT,HILTON METAL FORGING LTD.,90 - Other machinery,,SFC-080DA2-30B-35B,2,INR,5212,1819.65,2301,MPIN,OUT,,
MPIN,2,'2021/12/10,'2021/11/21,OUT,ACE MANUFACTURING SYSTEMS LIMITED,10 - Machine tool,,ALS-065-G-28B-35B,20,INR,1828,1302,2202,MPIN,OUT,,
MPIN,2,'2021/12/10,'2021/12/21,OUT,ACE MANUFACTURING SYSTEMS LIMITED,10 - Machine tool,,ALS-065-G-28B-35B,20,INR,1828,1302,2202,MPIN,OUT,,
MPIN,2,'2021/12/10,'2021/10/21,OUT,ACE MANUFACTURING SYSTEMS LIMITED,10 - Machine tool,,ALS-065-G-20B-24B,30,INR,1828,1302,2202,MPIN,OUT,,
MPIN,2,'2021/12/10,'2021/11/21,OUT,ACE MANUFACTURING SYSTEMS LIMITED,10 - Machine tool,,ALS-065-G-20B-35B,15,INR,1828,1302,2202,MPIN,OUT,,
MPIN,2,'2021/12/10,'2021/12/21,OUT,ACE MANUFACTURING SYSTEMS LIMITED,10 - Machine tool,,ALS-065-G-20B-35B,15,INR,1828,1302,2202,MPIN,OUT,,
MPIN,2,'2021/12/10,'2021/11/30,OUT,ALLENGERS MEDICAL SYSTEMS LIMITED,14 - Medical instrument,,546-23-34-NF 24V40 DIN,20,INR,44752,38000,1501,MMB,OUT,,
MPIN,2,'2021/12/10,'2021/11/20,OUT,SVP TECHNO ENGINEERS PVT. LTD.,80 - Trading Company,,SFF-100SS-32B-35B-450N,2,INR,10682,7477.2,2302,MPJP,IN,,13 - Factory Automation
MPIN,2,'2021/12/10,'2021/09/25,OUT,BHARAT FRITZ WERNER LTD,10 - Machine tool,,SFC-080SA2-22B-35B,15,INR,3048,1226.19,2301,MPIN,OUT,,
MPIN,2,'2021/12/10,'2021/10/01,OUT,BHARAT FRITZ WERNER LTD,10 - Machine tool,,SFC-080SA2-22B-35B,20,INR,3048,1226.19,2301,MPIN,OUT,,
MPIN,2,'2021/12/10,'2022/01/28,IN,MIKI PULLEY (TIANJIN) CO. LTD.,98 - Miki Group Company,,CLAMPING HUB A SFC-010DA2-PILOT BORE DIA 2 (JINDAL),1500,INR,49.5,46.41,2301,MPIN,OUT,,
MPIN,2,'2021/12/10,'2022/01/28,IN,MIKI PULLEY (TIANJIN) CO. LTD.,98 - Miki Group Company,,CLAMPING HUB B SFC-010DA2-BW FINISHED BORE 8mm,1500,INR,66,61.41,2301,MPIN,OUT,,
MPIN,2,'2021/12/10,'2022/01/28,IN,MIKI PULLEY (TIANJIN) CO. LTD.,98 - Miki Group Company,,CLAMPING HUB SFC-020DA2-BW FINISHED BORE 7mm,1000,INR,60.75,55.8,2301,MPIN,OUT,,
MPIN,2,'2021/12/10,'2022/01/28,IN,MIKI PULLEY (TIANJIN) CO. LTD.,98 - Miki Group Company,,CLAMPING HUB SFC-020DA2-BW FINISHED BORE 8mm,1000,INR,60.75,55.8,2301,MPIN,OUT,,
MPIN,2,'2021/12/10,'2022/01/28,IN,MIKI PULLEY (TIANJIN) CO. LTD.,98 - Miki Group Company,,CLAMPING HUB A SFC-030DA2-BW PILOT BORE DIA 4 (JINDAL),1000,INR,61.5,53.48,2301,MPIN,OUT,,
MPIN,2,'2021/12/10,'2022/01/28,IN,MIKI PULLEY (TIANJIN) CO. LTD.,98 - Miki Group Company,,CLAMPING HUB A SFC-030DA2-BW FINISHED BORE 10mm,1000,INR,75.75,66.48,2301,MPIN,OUT,,
MPIN,2,'2021/12/10,'2022/01/28,IN,MIKI PULLEY (TIANJIN) CO. LTD.,98 - Miki Group Company,,CLAMPING HUB B SFC-030DA2-BW FINISHED BORE 14mm,1000,INR,75.75,76.92,2301,MPIN,OUT,,
MPIN,2,'2021/12/10,'2022/01/28,IN,MIKI PULLEY (TIANJIN) CO. LTD.,98 - Miki Group Company,,CLAMPING HUB A SFC-040DA2-BW PILOT BORE DIA 6 (JINDAL),3000,INR,86.25,78.55,2301,MPIN,OUT,,
MPIN,2,'2021/12/10,'2022/01/28,IN,MIKI PULLEY (TIANJIN) CO. LTD.,98 - Miki Group Company,,CLAMPING HUB B SFC-040DA2-BW PILOT BORE DIA 13(JINDAL),3000,INR,86.25,90.75,2301,MPIN,OUT,,
MPIN,2,'2021/12/10,'2022/01/28,IN,MIKI PULLEY (TIANJIN) CO. LTD.,98 - Miki Group Company,,CLAMPING HUB A SFC-040DA2-BW FINISHED BORE 12mm,1000,INR,96.75,88.55,2301,MPIN,OUT,,
MPIN,2,'2021/12/10,'2022/01/28,IN,MIKI PULLEY (TIANJIN) CO. LTD.,98 - Miki Group Company,,CLAMPING HUB A SFC-040DA2-BW FINISHED BORE 14mm,1000,INR,96.75,88.55,2301,MPIN,OUT,,
MPIN,2,'2021/12/10,'2022/01/28,IN,MIKI PULLEY (TIANJIN) CO. LTD.,98 - Miki Group Company,,CLAMPING HUB B SFC-040DA2-BW FINISHED BORE 19MM,1000,INR,96.75,101.01,2301,MPIN,OUT,,
MPIN,2,'2021/12/10,'2022/01/28,IN,MIKI PULLEY (TIANJIN) CO. LTD.,98 - Miki Group Company,,CLAMPING HUB B SFC-040DA2-BW FINISHED BORE 16mm,1000,INR,96.75,101.01,2301,MPIN,OUT,,
MPIN,2,'2021/12/10,'2022/01/28,IN,MIKI PULLEY (TIANJIN) CO. LTD.,98 - Miki Group Company,,CLAMPING HUB A SFC-050DA2-BW PILOT BORE DIA 6 (JINDAL),500,INR,133.5,149.49,2301,MPIN,OUT,,
MPIN,2,'2021/12/10,'2022/01/28,IN,MIKI PULLEY (TIANJIN) CO. LTD.,98 - Miki Group Company,,CLAMPING HUB B SFC-050DA2-BW PILOT BORE DIA 17 (JINDAL),300,INR,133.5,119.01,2301,MPIN,OUT,,
MPIN,2,'2021/12/10,'2021/12/25,OUT,SVP TECHNO ENGINEERS PVT. LTD.,80 - Trading Company,,SFF-120DS-40K-50K-600N,5,INR,15903,9463,2302,MPJP,IN,,13 - Factory Automation
MPIN,2,'2021/12/10,'2021/12/25,OUT,SVP TECHNO ENGINEERS PVT. LTD.,80 - Trading Company,,SFF-140DS-50K-75K-1000N,2,INR,19978,12337,2302,MPJP,IN,,13 - Factory Automation
MPIN,2,'2021/12/10,'2021/12/31,OUT,ALLENGERS MEDICAL SYSTEMS LIMITED,14 - Medical instrument,,546-23-34-NF 24V40 DIN,30,INR,44752,38000,1501,MMB,OUT,,
MPIN,2,'2021/12/10,'2021/11/30,OUT,R K INDUSTRIAL AUTOMATION PRODUCTS,80 - Trading Company,,TT-2X-01-20H-18H-10NM,5,INR,13849.36,10837.6,3105,MPJP,IN,,13 - Factory Automation
MPIN,2,'2021/12/10,'2021/12/06,IN,Miki Pulley (Korea) Co. Ltd,98 - Miki Group Company,,SFC-020DA2-8B-10B,300,INR,324.12,303.28,2301,MPIN,OUT,,
MPIN,2,'2021/12/10,'2021/12/11,OUT,R K INDUSTRIAL AUTOMATION PRODUCTS,80 - Trading Company,,TT-2X-01-20H-18H-10NM,10,INR,13849.36,10837.6,3105,MPJP,IN,,13 - Factory Automation
MPIN,2,'2021/12/10,'2021/10/30,OUT,HELIX OIL AND GAS EQUIPMENT TRADING LLC,80 - Trading Company,,ALS-080-B-EL-P (40),10,INR,9,396,2202,MPJP,IN,,
MPIN,2,'2021/12/10,'2021/10/30,OUT,Rhythmsoft Robotics & Automation Pvt.Ltd,13 - Factory Automation,,ALS-040-R-20-20,1,INR,712,525,2202,MPIN,OUT,,
MPIN,2,'2021/12/10,'2022/03/15,OUT,ACE MANUFACTURING SYSTEMS LIMITED,10 - Machine tool,,SFC-060DA2-20B-24B-A,1200,INR,2090,1101.69,2301,MPIN,OUT,,
MPIN,2,'2021/12/10,'2022/03/15,OUT,ACE MANUFACTURING SYSTEMS LIMITED,10 - Machine tool,,SFC-060DA2-20B-35B-B,600,INR,2090,1101.69,2301,MPIN,OUT,,
MPIN,2,'2021/12/10,'2022/03/15,OUT,ACE MANUFACTURING SYSTEMS LIMITED,10 - Machine tool,,SFC-050DA2-20B-16BC-C,60,INR,2050,1288.71,2301,MPIN,OUT,,
MPIN,2,'2021/12/10,'2022/03/15,OUT,ACE MANUFACTURING SYSTEMS LIMITED,10 - Machine tool,,SFC-090DA2-28B-35B,120,INR,4115,2849.16,2301,MPIN,OUT,,
MPIN,2,'2021/12/10,'2022/03/15,OUT,ACE MANUFACTURING SYSTEMS LIMITED,10 - Machine tool,,SFC-060DA2-28B-35B-C,120,INR,2090,1101.69,2301,MPIN,OUT,,
MPIN,2,'2021/12/10,'2022/03/15,OUT,ACE MANUFACTURING SYSTEMS LIMITED,10 - Machine tool,,SFC-090DA2-30B-35B,30,INR,4400,2849.16,2301,MPIN,OUT,,
MPIN,2,'2021/12/10,'2022/03/15,OUT,ACE MANUFACTURING SYSTEMS LIMITED,10 - Machine tool,,SFC-060DA2-20B-32B-B,30,INR,2090,1101.69,2301,MPIN,OUT,,
MPIN,2,'2021/12/10,'2021/12/31,OUT,SHREE MARKETING,80 - Trading Company,,SFM-100SS-38KK-55KK-G2.5/20000,1,INR,20475,14333,2302,MPJP,IN,,10 - Machine tool
MPIN,2,'2021/12/10,'2022/01/10,OUT,NUTRON SYSTEMS PVT. LTD.,80 - Trading Company,,101-20-15G- 24V R40JIS A40JIS,2,INR,34842,24246.9,1301,MPJP,IN,,13 - Factory Automation
MPIN,2,'2021/12/10,'2022/01/10,OUT,NUTRON SYSTEMS PVT. LTD.,80 - Trading Company,,111-20-11G 24V 50JIS,2,INR,26272,13746.54,1301,MPJP,IN,,13 - Factory Automation
MPIN,2,'2021/12/10,'2022/01/10,OUT,NUTRON SYSTEMS PVT. LTD.,80 - Trading Company,,CS-25-A-17,2,INR,110725,73097,1301,MPJP,IN,,13 - Factory Automation
MPIN,2,'2021/12/10,'2022/01/20,OUT,TECHTRONICS AUTOMATION-,80 - Trading Company,,SFF-090SS-24B-42B-250N,1,INR,10003,5952,2302,MPJP,IN,,13 - Factory Automation
MPIN,2,'2021/12/10,'2022/01/15,OUT,ELECTUS SYSTEMS,80 - Trading Company,,SFF-080DS-30K-32K-200N,2,INR,11952,7530,2302,MPJP,IN,,13 - Factory Automation
MPIN,2,'2021/12/10,'2021/12/06,IN,Miki Pulley (Korea) Co. Ltd,98 - Miki Group Company,,SFC-020DA2-7B-8B,150,INR,4.38,303.28,2301,MPIN,OUT,,
MPIN,2,'2021/12/10,'2021/12/06,IN,Miki Pulley (Korea) Co. Ltd,98 - Miki Group Company,,SFC-020DA2-10B-10B,100,INR,4.38,303.28,2301,MPIN,OUT,,
MPIN,2,'2021/12/10,'2021/12/06,IN,Miki Pulley (Korea) Co. Ltd,98 - Miki Group Company,,SFC-030DA2-11B-12B,100,INR,5.11,350.48,2301,MPIN,OUT,,
MPIN,2,'2021/12/10,'2021/12/04,OUT,KENNAMETAL INDIA LIMITED,10 - Machine tool,,SFF-080DS-25BK-35BS-200N,2,INR,11640,7530,2302,MPJP,IN,,
MPIN,2,'2021/12/10,'2022/01/07,OUT,SHIBAM HYDRAULICS & PNEUMATICS,13 - Factory Automation,,112-05-12 24V 10 DIN,9,INR,4562,2409.9,1201,MPJP,IN,,
MPIN,2,'2021/12/10,'2021/12/03,OUT,KENNAMETAL INDIA LIMITED,10 - Machine tool,,SFF-090DS-32BJ-35BK-300N,1,INR,13096,8946,2302,MPJP,IN,,
MPIN,2,'2021/12/10,'2021/12/03,OUT,KENNAMETAL INDIA LIMITED,10 - Machine tool,,SFF-080DS-25BK-32BK-200N,1,INR,11640,7744,2302,MPJP,IN,,
MPIN,2,'2021/12/10,'2022/01/14,OUT,SDPC International General Tra. LLC,9900-Unknown,,102-04-13 24V 10DIN,40,INR,38,1958,1101,MPJP,IN,,
MPIN,2,'2021/12/10,'2021/12/31,OUT,TECHTRONICS AUTOMATION-,80 - Trading Company,,SFS-05S-12H-16H,2,INR,6739,4246,2302,MPJP,IN,,13 - Factory Automation
MPIN,2,'2021/12/10,'2022/01/29,OUT,SVP TECHNO ENGINEERS PVT. LTD.,80 - Trading Company,,SFF-120DS-40K-50K-600N,2,INR,15903,9463,2302,MPJP,IN,,13 - Factory Automation
MPIN,2,'2021/12/10,'2022/01/15,OUT,IMA-PG INDIA PRIVATE LIMITED,19 - Packaging machinery,,PSL-K-30,19,INR,1852,1290,2602,MPTJ,OUT,,
MPIN,2,'2021/12/10,'2022/01/15,OUT,IMA-PG INDIA PRIVATE LIMITED,19 - Packaging machinery,,ALS-055-R-19B-22B,5,INR,1540,876,2202,MPIN,OUT,,
MPIN,2,'2021/12/10,'2022/01/15,OUT,IMA-PG INDIA PRIVATE LIMITED,19 - Packaging machinery,,PSL-K-8,3,INR,842,866.4,2602,MPTJ,OUT,,
MPIN,2,'2021/12/10,'2022/01/15,OUT,IMA-PG INDIA PRIVATE LIMITED,19 - Packaging machinery,,ALS-080-R-32B-32B,4,INR,3855,2189,2202,MPIN,OUT,,
MPIN,2,'2021/12/10,'2022/01/15,OUT,IMA-PG INDIA PRIVATE LIMITED,19 - Packaging machinery,,ALS-040-R-15B-19B,1,INR,904,555,2202,MPIN,OUT,,
MPIN,2,'2021/12/10,'2021/12/10,OUT,OLE AUTOMATION INDIA PRIVATE LIMITED,80 - Trading Company,,PSL-K-25,16,INR,1748,989,2602,MPTJ,OUT,,13 - Factory Automation
MPIN,2,'2021/12/10,'2021/11/12,OUT,PHEONIX ENGINEERING,80 - Trading Company,,PSL-G-40,8,INR,1538,937,2602,MPTJ,OUT,,13 - Factory Automation
MPIN,2,'2021/12/10,'2021/11/15,OUT,R K INDUSTRIAL AUTOMATION PRODUCTS,80 - Trading Company,,PSL-G-55,1,INR,2010,1213,2602,MPTJ,OUT,,13 - Factory Automation
MPIN,2,'2021/12/10,'2022/01/13,OUT,PHEONIX ENGINEERING,80 - Trading Company,,SFC-050SA2-18BJ-24B,100,INR,2940,2394,2301,MPJP,IN,,13 - Factory Automation
MPIN,2,'2021/12/10,'2022/01/13,OUT,PHEONIX ENGINEERING,80 - Trading Company,,SFS-08S-22M-16C,100,INR,5424,4898.1,2302,MPJP,IN,,13 - Factory Automation
MPIN,2,'2021/12/10,'2021/11/19,OUT,SHREE MARKETING,80 - Trading Company,,ALS-095-R-25B-32B,7,INR,5780,5328,2202,MPIN,OUT,,13 - Factory Automation
MPIN,2,'2021/12/10,'2021/11/15,OUT,GOLDEN BEARING COMPANY,80 - Trading Company,,SFS-06S-Pilot Bore,2,INR,3596,2158,2302,MPJP,IN,,
MPIN,2,'2021/12/10,'2022/01/15,OUT,SHREE MARKETING,80 - Trading Company,,TT-3-01-25H-25H-40NM,2,INR,14258,9980.4,3105,MPJP,IN,,13 - Factory Automation
MPIN,2,'2021/12/10,'2021/12/18,OUT,Gleason Works (India) Private Limited,10 - Machine tool,,HW6/24/R/19/24/L78/A,1,INR,7307,5853.52,9909,MPIN,OUT,,
MPIN,2,'2021/12/10,'2021/12/18,OUT,Gleason Works (India) Private Limited,10 - Machine tool,,HW6/24/R/24/24/L78/A (49940600904),1,INR,7307,5853.52,9909,MPIN,OUT,,
MPIN,2,'2021/12/10,'2021/12/18,OUT,Gleason Works (India) Private Limited,10 - Machine tool,,HW6/28/R/25/25/L90/S,1,INR,10082,7578.77,9909,MPIN,OUT,,
MPIN,2,'2021/12/10,'2021/12/18,OUT,Gleason Works (India) Private Limited,10 - Machine tool,,HW6/24/R/19/24/L78/A,1,INR,7307,5853.52,9909,MPIN,OUT,,
MPIN,2,'2021/12/10,'2021/12/18,OUT,Gleason Works (India) Private Limited,10 - Machine tool,,HW6/24/R/24/24/L78/A (49940600904),1,INR,7307,5853.52,9909,MPIN,OUT,,
MPIN,2,'2021/12/10,'2021/12/18,OUT,Gleason Works (India) Private Limited,10 - Machine tool,,HW6/28/R/25/25/L90/S,1,INR,10082,7578.77,9909,MPIN,OUT,,
MPIN,2,'2021/12/10,'2021/12/18,OUT,Gleason Works (India) Private Limited,10 - Machine tool,,HW6/24/R/19/24/L78/A,1,INR,7307,5853.52,9909,MPIN,OUT,,
MPIN,2,'2021/12/10,'2021/12/18,OUT,Gleason Works (India) Private Limited,10 - Machine tool,,HW6/24/R/24/24/L78/A (49940600904),1,INR,7307,5853.52,9909,MPIN,OUT,,
MPIN,2,'2021/12/10,'2021/12/18,OUT,Gleason Works (India) Private Limited,10 - Machine tool,,HW6/28/R/25/25/L90/S,1,INR,10082,7578.77,9909,MPIN,OUT,,
MPIN,2,'2021/12/10,'2021/12/18,OUT,Gleason Works (India) Private Limited,10 - Machine tool,,HW6/24/R/19/24/L78/A,1,INR,7307,5853.52,9909,MPIN,OUT,,
MPIN,2,'2021/12/10,'2021/12/18,OUT,Gleason Works (India) Private Limited,10 - Machine tool,,HW6/24/R/24/24/L78/A (49940600904),1,INR,7307,5853.52,9909,MPIN,OUT,,
MPIN,2,'2021/12/10,'2021/12/18,OUT,Gleason Works (India) Private Limited,10 - Machine tool,,HW6/28/R/25/25/L90/S,1,INR,10082,7578.77,9909,MPIN,OUT,,
MPIN,2,'2021/12/10,'2021/12/18,OUT,Gleason Works (India) Private Limited,10 - Machine tool,,HW6/24/R/19/24/L78/A,1,INR,7307,5853.52,9909,MPIN,OUT,,
MPIN,2,'2021/12/10,'2021/12/18,OUT,Gleason Works (India) Private Limited,10 - Machine tool,,HW6/24/R/24/24/L78/A (49940600904),1,INR,7307,5853.52,9909,MPIN,OUT,,
MPIN,2,'2021/12/10,'2021/12/18,OUT,Gleason Works (India) Private Limited,10 - Machine tool,,HW6/28/R/25/25/L90/S,1,INR,10082,7578.77,9909,MPIN,OUT,,
MPIN,2,'2021/12/10,'2021/12/18,OUT,Gleason Works (India) Private Limited,10 - Machine tool,,HW6/24/R/19/24/L78/A,1,INR,7307,5853.52,9909,MPIN,OUT,,
MPIN,2,'2021/12/10,'2021/12/18,OUT,Gleason Works (India) Private Limited,10 - Machine tool,,HW6/24/R/24/24/L78/A (49940600904),1,INR,7307,5853.52,9909,MPIN,OUT,,
MPIN,2,'2021/12/10,'2021/12/18,OUT,Gleason Works (India) Private Limited,10 - Machine tool,,HW6/28/R/25/25/L90/S,1,INR,10082,7578.77,9909,MPIN,OUT,,
MPIN,2,'2021/12/10,'2021/12/18,OUT,Gleason Works (India) Private Limited,10 - Machine tool,,HW6/24/R/19/24/L78/A,1,INR,7307,5853.52,9909,MPIN,OUT,,
MPIN,2,'2021/12/10,'2021/12/18,OUT,Gleason Works (India) Private Limited,10 - Machine tool,,HW6/24/R/24/24/L78/A (49940600904),1,INR,7307,5853.52,9909,MPIN,OUT,,
MPIN,2,'2021/12/10,'2021/12/18,OUT,Gleason Works (India) Private Limited,10 - Machine tool,,HW6/28/R/25/25/L90/S,1,INR,10082,7578.77,9909,MPIN,OUT,,
MPIN,2,'2021/12/10,'2021/12/18,OUT,Gleason Works (India) Private Limited,10 - Machine tool,,HW6/24/R/19/24/L78/A,1,INR,7307,5853.52,9909,MPIN,OUT,,
MPIN,2,'2021/12/10,'2021/12/18,OUT,Gleason Works (India) Private Limited,10 - Machine tool,,HW6/24/R/24/24/L78/A (49940600904),1,INR,7307,5853.52,9909,MPIN,OUT,,
MPIN,2,'2021/12/10,'2021/12/18,OUT,Gleason Works (India) Private Limited,10 - Machine tool,,HW6/28/R/25/25/L90/S,1,INR,10082,7578.77,9909,MPIN,OUT,,
MPIN,2,'2021/12/10,'2021/12/18,OUT,Gleason Works (India) Private Limited,10 - Machine tool,,HW6/24/R/19/24/L78/A,1,INR,7307,5853.52,9909,MPIN,OUT,,
MPIN,2,'2021/12/10,'2021/12/18,OUT,Gleason Works (India) Private Limited,10 - Machine tool,,HW6/24/R/24/24/L78/A (49940600904),1,INR,7307,5853.52,9909,MPIN,OUT,,
MPIN,2,'2021/12/10,'2021/12/18,OUT,Gleason Works (India) Private Limited,10 - Machine tool,,HW6/28/R/25/25/L90/S,1,INR,10082,7578.77,9909,MPIN,OUT,,
MPIN,2,'2021/12/10,'2021/12/18,OUT,Gleason Works (India) Private Limited,10 - Machine tool,,HW6/24/R/19/24/L78/A,1,INR,7307,5853.52,9909,MPIN,OUT,,
MPIN,2,'2021/12/10,'2021/12/18,OUT,Gleason Works (India) Private Limited,10 - Machine tool,,HW6/24/R/24/24/L78/A (49940600904),1,INR,7307,5853.52,9909,MPIN,OUT,,
MPIN,2,'2021/12/10,'2021/12/18,OUT,Gleason Works (India) Private Limited,10 - Machine tool,,HW6/28/R/25/25/L90/S,1,INR,10082,7578.77,9909,MPIN,OUT,,
MPIN,2,'2021/12/10,'2021/12/18,OUT,Gleason Works (India) Private Limited,10 - Machine tool,,HW6/24/R/19/24/L78/A,1,INR,7307,5853.52,9909,MPIN,OUT,,
MPIN,2,'2021/12/10,'2021/12/18,OUT,Gleason Works (India) Private Limited,10 - Machine tool,,HW6/24/R/24/24/L78/A (49940600904),1,INR,7307,5853.52,9909,MPIN,OUT,,
MPIN,2,'2021/12/10,'2021/12/18,OUT,Gleason Works (India) Private Limited,10 - Machine tool,,HW6/28/R/25/25/L90/S,1,INR,10082,7578.77,9909,MPIN,OUT,,
MPIN,2,'2021/12/10,'2022/01/17,OUT,TATA ADVANCED SYSTEMS LIMITED,10 - Machine tool,,SFH-170S (Pilot Bore),25,INR,30192,14951,2302,MPJP,IN,,
MPIN,2,'2021/12/10,'2022/01/20,OUT,VENTURE AUTOMATION,80 - Trading Company,,SFC-055SA2-22B-22B,4,INR,5254,2370,2301,MPJP,IN,,13 - Factory Automation
MPIN,2,'2021/12/10,'2022/01/20,OUT,NUTRON SYSTEMS PVT. LTD.,80 - Trading Company,,101-20-13G-24V-55DIN,3,INR,39977,27983.7,1301,MPJP,IN,,19 - Packaging machinery
MPIN,2,'2021/12/10,'2021/11/20,OUT,HMT MACHINE TOOLS LIMITED-AJMER,10 - Machine tool,,SFC-050DA2-14B-15B-A,1,INR,2702,645.71,2301,MPIN,OUT,,
MPIN,2,'2021/12/10,'2021/11/20,OUT,HMT MACHINE TOOLS LIMITED-AJMER,10 - Machine tool,,SFC-080DA2-25B-35B,1,INR,5212,1819.65,2301,MPIN,OUT,,
MPIN,2,'2021/12/10,'2021/11/20,OUT,HMT MACHINE TOOLS LIMITED-AJMER,10 - Machine tool,,SFC-050DA2-10B-14B-A,1,INR,2702,645.71,2301,MPIN,OUT,,
MPIN,2,'2021/12/10,'2022/01/16,OUT,VENTURE AUTOMATION,80 - Trading Company,,CSZ-05-35,1,INR,10262,7304.8,1301,MPJP,IN,,13 - Factory Automation
MPIN,2,'2021/12/10,'2021/12/31,OUT,KENNAMETAL INDIA LIMITED,10 - Machine tool,,SFF-080DS-25BK-32BK-200N,1,INR,11640,7744,2302,MPJP,IN,,
MPIN,2,'2021/12/10,'2021/12/31,OUT,KENNAMETAL INDIA LIMITED,10 - Machine tool,,SFF-080DS-25BK-38BK-200N,1,INR,11640,7383.6,2302,MPJP,IN,,
MPIN,2,'2021/12/10,'2021/11/20,OUT,PREKSHA PRECISION,80 - Trading Company,,PSL-K-35,18,INR,1774,1505,2602,MPTJ,OUT,,13 - Factory Automation
MPIN,2,'2021/12/10,'2021/11/25,OUT,VENTURE AUTOMATION,80 - Trading Company,,SFC-030DA2-15B-16B,3,INR,1219,350.48,2301,MPIN,OUT,,13 - Factory Automation
MPIN,2,'2021/12/10,'2021/11/22,IN,MIKI PULLEY TAIWAN CO. LTD.,98 - Miki Group Company,,CLAMPING HUB A SFC-060DA2-BW PILOT BORE DIA 9,500,INR,4.52,311.87,2301,MPIN,OUT,,
MPIN,2,'2021/12/10,'2021/12/30,OUT,SRI DURGA SALES CORPORATION,80 - Trading Company,,SFC-005DA2-3B-6B,1,INR,2123,1969,2301,MPJP,IN,,13 - Factory Automation
MPIN,2,'2021/12/10,'2022/01/31,OUT,TECHTRONICS AUTOMATION-,80 - Trading Company,,SFF-080DS-32B-35B-200N,23,INR,10020.6,7384,2302,MPJP,IN,,13 - Factory Automation
MPIN,2,'2021/12/10,'2022/01/31,OUT,TECHTRONICS AUTOMATION-,80 - Trading Company,,SFF-080DS-30B-32B-200N,10,INR,10020.6,8822,2302,MPJP,IN,,13 - Factory Automation
MPIN,2,'2021/12/10,'2021/11/30,OUT,SHREE MARKETING,80 - Trading Company,,ALS-095-R-32B-50B,2,INR,5780,5328,2202,MPIN,OUT,,13 - Factory Automation
MPIN,2,'2021/12/10,'2022/06/30,OUT,Universal Tube & Plastic Industries Ltd.,13 - Factory Automation,,126-16-4B-3.7KW-IE3-380/50,2,INR,245400,152826,1302,MPJP,IN,,
MPIN,2,'2021/12/10,'2022/06/30,OUT,Universal Tube & Plastic Industries Ltd.,13 - Factory Automation,,126-16-4B-2.2KW-IE3-380/50,2,INR,238650,130680,1302,MPJP,IN,,
MPIN,2,'2021/12/10,'2021/12/31,OUT,TECHTRONICS AUTOMATION-,80 - Trading Company,,PSL-G-55,2,INR,2010,1213,2602,MPTJ,OUT,,13 - Factory Automation
MPIN,2,'2021/12/10,'2021/12/31,OUT,TECHTRONICS AUTOMATION-,80 - Trading Company,,PSL-G-40,1,INR,1538,937,2602,MPTJ,OUT,,13 - Factory Automation
MPIN,2,'2021/12/10,'2022/01/31,OUT,BRIGHT INDIA ENTERPRISES,13 - Factory Automation,,SFC-050SA2-10B-14BH,1,INR,5172,2447,2301,MPJP,IN,,
MPIN,2,'2021/12/10,'2022/01/31,OUT,BRIGHT INDIA ENTERPRISES,13 - Factory Automation,,SFC-050SA2-14B-14BH,1,INR,5172,2447,2301,MPJP,IN,,
MPIN,2,'2021/12/10,'2021/11/30,OUT,NUTRON SYSTEMS PVT. LTD.,80 - Trading Company,,SFC-055SA2-15B-19B,1,INR,3952,2370,2301,MPJP,IN,,13 - Factory Automation
MPIN,2,'2021/12/10,'2021/11/29,OUT,REFLEX TECHNOLOGIES PVT LTD,13 - Factory Automation,,ALS-040-R-CLAMP TYPE,1,INR,904,500,2202,MPIN,OUT,,
MPIN,2,'2021/12/10,'2021/12/02,OUT,SRI DURGA SALES CORPORATION,80 - Trading Company,,ALS-030-B-14B-15B,2,INR,512,104,2202,MPIN,OUT,,9090 - Special purpose machinery
MPIN,2,'2021/12/10,'2022/03/05,OUT,PsamirCo Trading Pvt Ltd,80 - Trading Company,,MM-16K T82,2,INR,10902,8123.6,2502,MPJP,IN,,13 - Factory Automation
MPIN,2,'2021/12/10,'2021/12/31,OUT,EFD INDUCTION PRIVATE LIMITED,10 - Machine tool,,SFS-06S 18H-19H,2,INR,7000,5904,2302,MPJP,IN,,
MPIN,2,'2021/12/10,'2021/12/04,OUT,BRISK TECH ENGINEERS,10 - Machine tool,,SFC-050DA2-17B-19B-B,11,INR,2995,645.71,2301,MPIN,OUT,,
MPIN,2,'2021/12/10,'2021/12/13,OUT,DRUPE ENGINEERING PVT LTD,13 - Factory Automation,,BLS-040-R-10B-16B,35,INR,495,369,2909,MPIN,OUT,,
MPIN,2,'2021/12/10,'2021/12/20,OUT,PHEONIX ENGINEERING,80 - Trading Company,,SFC-060DA2-28.575B-32B-C,49,INR,1887,1101.69,2301,MPIN,OUT,,13 - Factory Automation
MPIN,2,'2021/12/10,'2021/12/20,OUT,PHEONIX ENGINEERING,80 - Trading Company,,SFC-080DA2-22B-32B,13,INR,2815,1819.65,2301,MPIN,OUT,,13 - Factory Automation
MPIN,2,'2021/12/10,'2021/12/20,OUT,PHEONIX ENGINEERING,80 - Trading Company,,SFC-080DA2-19.05B-32B,6,INR,2815,1819.65,2301,MPIN,OUT,,13 - Factory Automation
MPIN,2,'2021/12/10,'2021/12/20,OUT,PHEONIX ENGINEERING,80 - Trading Company,,SFC-080DA2-31.765B-32B,10,INR,2815,1819.65,2301,MPIN,OUT,,13 - Factory Automation
MPIN,2,'2021/12/10,'2021/12/04,OUT,VENTURE AUTOMATION,80 - Trading Company,,SFC-035SA2-12B-14B,1,INR,1013,289.82,2301,MPIN,OUT,,13 - Factory Automation
MPIN,2,'2021/12/10,'2021/12/04,OUT,PHEONIX ENGINEERING,80 - Trading Company,,PSL-G-55,35,INR,2010,1213,2602,MPTJ,OUT,,13 - Factory Automation
MPIN,2,'2021/12/10,'2021/12/06,OUT,BHARAT FRITZ WERNER LTD,10 - Machine tool,,SFC-090DA2-25B-35B,10,INR,4092,2849.16,2301,MPIN,OUT,,
MPIN,2,'2021/12/10,'2021/12/06,OUT,BHARAT FRITZ WERNER LTD,10 - Machine tool,,SFC-090DA2-32B-35B,20,INR,4092,2849.16,2301,MPIN,OUT,,
MPIN,2,'2021/12/10,'2021/12/07,OUT,BHARAT FRITZ WERNER LTD,10 - Machine tool,,SFC-090DA2-32B-35B,9,INR,4092,2849.16,2301,MPIN,OUT,,
MPIN,2,'2021/12/10,'2021/12/06,OUT,BHARAT FRITZ WERNER LTD,10 - Machine tool,,SFC-090DA2-25B-32B,3,INR,4092,2849.16,2301,MPIN,OUT,,
MPIN,2,'2021/12/10,'2021/12/06,OUT,BHARAT FRITZ WERNER LTD,10 - Machine tool,,SFC-090DA2-25B-32B,4,INR,4092,2849.16,2301,MPIN,OUT,,
MPIN,2,'2021/12/10,'2021/12/06,OUT,BHARAT FRITZ WERNER LTD,10 - Machine tool,,SFC-090DA2-25B-32B,1,INR,4092,2849.16,2301,MPIN,OUT,,
MPIN,2,'2021/12/10,'2021/12/31,OUT,SHREE MARKETING,80 - Trading Company,,ALS-065-R-25B-35B,110,INR,1506,1302,2202,MPIN,OUT,,13 - Factory Automation
MPIN,2,'2021/12/10,'2021/12/31,OUT,SHREE MARKETING,80 - Trading Company,,ALS-065-R-25B-32B,30,INR,1506,1302,2202,MPIN,OUT,,13 - Factory Automation
MPIN,2,'2021/12/10,'2021/12/05,OUT,PHEONIX ENGINEERING,80 - Trading Company,,SFC-020DA2-6B-6.3B,10,INR,769,303.28,2301,MPIN,OUT,,13 - Factory Automation
MPIN,2,'2021/12/10,'2021/12/07,OUT,SRI DURGA SALES CORPORATION,80 - Trading Company,,ALS-105-Y-38B-60B,1,INR,9262,7316,2202,MPIN,OUT,,13 - Factory Automation
MPIN,2,'2021/12/10,'2021/12/07,OUT,SRI DURGA SALES CORPORATION,80 - Trading Company,,ALS-105-Y-50B-60B,1,INR,9262,7316,2202,MPIN,OUT,,13 - Factory Automation
MPIN,2,'2021/12/10,'2021/12/08,OUT,VENTURE AUTOMATION,80 - Trading Company,,SFC-040DA2-8B-8B-A,2,INR,1692,447.41,2301,MPIN,OUT,,13 - Factory Automation
MPIN,2,'2021/12/10,'2022/02/03,OUT,NLMK INDIA SERVICE CENTER PVT LTD,N.A.,,MM-35K-Pilot bore,2,INR,31792,12809,2502,MPJP,IN,,
MPIN,2,'2021/12/10,'2022/02/03,OUT,NLMK INDIA SERVICE CENTER PVT LTD,N.A.,,MM-20K (Pilot bore),4,INR,10472,4449.24,1503,MPJP,IN,,
MPIN,2,'2021/12/10,'2021/12/31,OUT,GLOBAL AUTOMATION SYSTEM,19 - Packaging machinery,,SFS-12W-40H-45H,1,INR,22400,12643,2302,MPJP,IN,,
MPIN,2,'2021/12/10,'2021/12/06,OUT,VINSAK INDIA PVT LTD,13 - Factory Automation,,SFC-050SA2-15B-22B-B,4,INR,2052,453.37,2301,MPIN,OUT,,
MPIN,2,'2021/12/10,'2022/01/15,OUT,IMA-PG INDIA PRIVATE LIMITED,19 - Packaging machinery,,PSL-K-30,3,INR,1852,1290,2602,MPTJ,OUT,,
MPIN,2,'2021/12/10,'2022/01/15,OUT,IMA-PG INDIA PRIVATE LIMITED,19 - Packaging machinery,,ALS-055-R-19B-22B,5,INR,1540,876,2202,MPIN,OUT,,
MPIN,2,'2021/12/10,'2022/01/15,OUT,IMA-PG INDIA PRIVATE LIMITED,19 - Packaging machinery,,ALS-040-R-15B-15B,1,INR,904,555,2202,MPIN,OUT,,
MPIN,2,'2021/12/10,'2022/01/15,OUT,IMA-PG INDIA PRIVATE LIMITED,19 - Packaging machinery,,ALS-040-R-15B-19B,3,INR,904,555,2202,MPIN,OUT,,
MPIN,2,'2021/12/10,'2022/01/25,IN,MIKI PULLEY (TIANJIN) CO. LTD.,98 - Miki Group Company,,CLAMPING HUB SFC-035DA2-BW PILOT BORE DIA 4 (JINDAL),2000,INR,84.75,77.76,2301,MPIN,OUT,,
MPIN,2,'2021/12/10,'2022/02/28,IN,MIKI PULLEY (TIANJIN) CO. LTD.,98 - Miki Group Company,,CLAMPING HUB A SFC-030DA2-BW PILOT BORE DIA 4 (JINDAL),3000,INR,61.5,53.48,2301,MPIN,OUT,,
MPIN,2,'2021/12/10,'2022/02/28,IN,MIKI PULLEY (TIANJIN) CO. LTD.,98 - Miki Group Company,,CLAMPING HUB B SFC-030DA2-BW PILOT BORE DIA 8 (JINDAL),3000,INR,61.5,63.92,2301,MPIN,OUT,,
MPIN,2,'2021/12/10,'2022/02/28,IN,MIKI PULLEY (TIANJIN) CO. LTD.,98 - Miki Group Company,,CLAMPING HUB A SFC-040DA2-BW PILOT BORE DIA 6 (JINDAL),3000,INR,86.25,78.55,2301,MPIN,OUT,,
MPIN,2,'2021/12/10,'2022/02/28,IN,MIKI PULLEY (TIANJIN) CO. LTD.,98 - Miki Group Company,,CLAMPING HUB B SFC-040DA2-BW PILOT BORE DIA 13(JINDAL),2000,INR,86.25,90.75,2301,MPIN,OUT,,
MPIN,2,'2021/12/10,'2022/02/28,IN,MIKI PULLEY (TIANJIN) CO. LTD.,98 - Miki Group Company,,CLAMPING HUB A SFC-050DA2-BW PILOT BORE DIA 6 (JINDAL),3000,INR,133.5,149.49,2301,MPIN,OUT,,
MPIN,2,'2021/12/10,'2022/02/28,IN,MIKI PULLEY (TIANJIN) CO. LTD.,98 - Miki Group Company,,CLAMPING HUB B SFC-050DA2-BW PILOT BORE DIA 17 (JINDAL),3000,INR,133.5,119.01,2301,MPIN,OUT,,
MPIN,2,'2021/12/10,'2022/02/28,IN,MIKI PULLEY (TIANJIN) CO. LTD.,98 - Miki Group Company,,CLAMPING HUB SFC-035DA2-BW PILOT BORE DIA 4 (JINDAL),2000,INR,84.75,77.76,2301,MPIN,OUT,,
MPIN,2,'2021/12/10,'2022/01/17,IN,MIKI PULLEY (TIANJIN) CO. LTD.,98 - Miki Group Company,,CLAMPING HUB B SFC-020DA2-PILOT BORE DIA 3 (JINDAL),2000,INR,47.25,42.8,2301,MPIN,OUT,,
MPIN,2,'2021/12/10,'2022/02/28,IN,MIKI PULLEY (TIANJIN) CO. LTD.,98 - Miki Group Company,,CLAMPING HUB B SFC-020DA2-PILOT BORE DIA 3 (JINDAL),3000,INR,47.25,42.8,2301,MPIN,OUT,,
MPIN,2,'2021/12/10,'2022/03/28,IN,MIKI PULLEY (TIANJIN) CO. LTD.,98 - Miki Group Company,,CLAMPING HUB SFC-035DA2-BW PILOT BORE DIA 4 (JINDAL),1000,INR,84.75,77.76,2301,MPIN,OUT,,
MPIN,2,'2021/12/10,'2022/02/28,IN,MIKI PULLEY (TIANJIN) CO. LTD.,98 - Miki Group Company,,CLAMPING HUB SFC-020DA2-BW FINISHED BORE 7mm,1000,INR,60.75,55.8,2301,MPIN,OUT,,
MPIN,2,'2021/12/10,'2022/03/28,IN,MIKI PULLEY (TIANJIN) CO. LTD.,98 - Miki Group Company,,CLAMPING HUB SFC-020DA2-BW FINISHED BORE 8mm,1000,INR,60.75,55.8,2301,MPIN,OUT,,
MPIN,2,'2021/12/10,'2022/03/28,IN,MIKI PULLEY (TIANJIN) CO. LTD.,98 - Miki Group Company,,CLAMPING HUB A SFC-030DA2-BW PILOT BORE DIA 4 (JINDAL),2000,INR,61.5,53.48,2301,MPIN,OUT,,
MPIN,2,'2021/12/10,'2022/03/28,IN,MIKI PULLEY (TIANJIN) CO. LTD.,98 - Miki Group Company,,CLAMPING HUB B SFC-030DA2-BW PILOT BORE DIA 8 (JINDAL),2000,INR,61.5,63.92,2301,MPIN,OUT,,
MPIN,2,'2021/12/10,'2022/03/28,IN,MIKI PULLEY (TIANJIN) CO. LTD.,98 - Miki Group Company,,CLAMPING HUB A SFC-030DA2-BW FINISHED BORE 10mm,1000,INR,75.75,66.48,2301,MPIN,OUT,,
MPIN,2,'2021/12/10,'2022/03/28,IN,MIKI PULLEY (TIANJIN) CO. LTD.,98 - Miki Group Company,,CLAMPING HUB B SFC-030DA2-BW FINISHED BORE 14mm,1000,INR,75.75,76.92,2301,MPIN,OUT,,
MPIN,2,'2021/12/10,'2022/03/28,IN,MIKI PULLEY (TIANJIN) CO. LTD.,98 - Miki Group Company,,CLAMPING HUB A SFC-040DA2-BW PILOT BORE DIA 6 (JINDAL),3000,INR,86.25,78.55,2301,MPIN,OUT,,
MPIN,2,'2021/12/10,'2022/03/28,IN,MIKI PULLEY (TIANJIN) CO. LTD.,98 - Miki Group Company,,CLAMPING HUB B SFC-040DA2-BW PILOT BORE DIA 13(JINDAL),3000,INR,86.25,90.75,2301,MPIN,OUT,,
MPIN,2,'2021/12/10,'2022/03/28,IN,MIKI PULLEY (TIANJIN) CO. LTD.,98 - Miki Group Company,,CLAMPING HUB A SFC-040DA2-BW FINISHED BORE 12mm,1000,INR,96.75,88.55,2301,MPIN,OUT,,
MPIN,2,'2021/12/10,'2022/03/28,IN,MIKI PULLEY (TIANJIN) CO. LTD.,98 - Miki Group Company,,CLAMPING HUB B SFC-040DA2-BW FINISHED BORE 16mm,1000,INR,96.75,101.01,2301,MPIN,OUT,,
MPIN,2,'2021/12/10,'2022/03/28,IN,MIKI PULLEY (TIANJIN) CO. LTD.,98 - Miki Group Company,,CLAMPING HUB A SFC-050DA2-BW PILOT BORE DIA 6 (JINDAL),2000,INR,133.5,149.49,2301,MPIN,OUT,,
MPIN,2,'2021/12/10,'2022/03/28,IN,MIKI PULLEY (TIANJIN) CO. LTD.,98 - Miki Group Company,,CLAMPING HUB B SFC-050DA2-BW PILOT BORE DIA 17 (JINDAL),3000,INR,133.5,119.01,2301,MPIN,OUT,,
MPIN,2,'2021/12/10,'2022/03/28,IN,MIKI PULLEY (TIANJIN) CO. LTD.,98 - Miki Group Company,,CLAMPING HUB B SFC-020DA2-PILOT BORE DIA 3 (JINDAL),3000,INR,47.25,42.8,2301,MPIN,OUT,,
MPIN,2,'2021/12/10,'2021/12/11,OUT,R K INDUSTRIAL AUTOMATION PRODUCTS,80 - Trading Company,,SFC-035DA2-14B-14B,5,INR,961,427.67,2301,MPIN,OUT,,13 - Factory Automation
MPIN,2,'2021/12/10,'2022/02/19,OUT,PRIDE MACHINE TOOLS PVT LTD,10 - Machine tool,,SFC-050DA2-20B-16BC-C,50,INR,3380,1288.71,2301,MPIN,OUT,,
MPIN,2,'2021/12/10,'2021/12/09,OUT,NUTRON SYSTEMS PVT. LTD.,80 - Trading Company,,SFC-035DA2-12B-16B,1,INR,961,427.67,2301,MPIN,OUT,,1030 - Other metal process machinery
MPIN,2,'2021/12/10,'2022/02/20,OUT,R K INDUSTRIAL AUTOMATION PRODUCTS,80 - Trading Company,,SFH-170S (Pilot Bore),24,INR,28091.7,14951,2302,MPJP,IN,,13 - Factory Automation
MPIN,2,'2021/12/10,'2022/01/18,OUT,ACE DESIGNERS LIMITED,10 - Machine tool,,BXL-16-10N-040-24V-25H8,35,INR,10991,7344,1401,MPTJ,OUT,,
MPIN,2,'2021/12/10,'2021/12/07,OUT,CONSEL INDIA MARKETING SERVICE,80 - Trading Company,,SFC-040DA2-12B-16B-B,2,INR,1781,447.41,2301,MPIN,OUT,,13 - Factory Automation
MPIN,2,'2021/12/10,'2021/12/08,OUT,SRI DURGA SALES CORPORATION,80 - Trading Company,,SFC-050DA2-18B-19B-A,4,INR,1847.75,645.71,2301,MPIN,OUT,,13 - Factory Automation
MPIN,2,'2021/12/10,'2021/12/10,OUT,LAKSHMI MACHINE WORKS LIMITED,10 - Machine tool,,SFC-060SA2-24B-24B-A,10,INR,1992,797.77,2301,MPIN,OUT,,
MPIN,2,'2021/12/10,'2021/12/10,OUT,R K INDUSTRIAL AUTOMATION PRODUCTS,80 - Trading Company,,SFC-025DA2-12B-14B,2,INR,823,349.76,2301,MPIN,OUT,,13 - Factory Automation
MPIN,2,'2021/12/10,'2021/12/20,OUT,R K INDUSTRIAL AUTOMATION PRODUCTS,80 - Trading Company,,MFC-030DAE-6B-6.35B,40,INR,250,268,2909,MPIN,OUT,,13 - Factory Automation
MPIN,2,'2021/12/10,'2021/12/20,OUT,R K INDUSTRIAL AUTOMATION PRODUCTS,80 - Trading Company,,MFC-030DAE-6.35B-8B,40,INR,250,268,2909,MPIN,OUT,,13 - Factory Automation
MPIN,2,'2021/12/10,'2021/12/11,OUT,UNIQUE TRANSMISSION,13 - Factory Automation,,SFC-090SA2-25B-35B,3,INR,3412,1808.84,2301,MPIN,OUT,,
MPIN,2,'2021/12/10,'2022/02/28,OUT,NUTRON SYSTEMS PVT. LTD.,80 - Trading Company,,AL-075 10-14,2,INR,3892,2557.8,2201,MPJP,IN,,13 - Factory Automation
MPIN,2,'2021/12/10,'2021/12/09,OUT,Rapid Services,13 - Factory Automation,,ALS-055-R-EL-P (100),5,INR,312,227,2202,MPJP,IN,,
MPIN,2,'2021/12/10,'2022/02/28,OUT,R K INDUSTRIAL AUTOMATION PRODUCTS,80 - Trading Company,,SFF-120SS-45B-45B-600N,4,INR,13762,8256,2302,MPJP,IN,,13 - Factory Automation
MPIN,2,'2021/12/10,'2022/02/28,OUT,ALLENGERS MEDICAL SYSTEMS LIMITED,14 - Medical instrument,,546-23-34-NF 24V40 DIN,82,INR,43632,38000,1501,MMB,OUT,,
MPIN,2,'2021/12/10,'2021/12/30,OUT,R K INDUSTRIAL AUTOMATION PRODUCTS,80 - Trading Company,,SFC-050DA2-14B-17B-A,50,INR,1362,645.71,2301,MPIN,OUT,,13 - Factory Automation
MPIN,2,'2021/12/10,'2021/12/15,OUT,BHARAT FRITZ WERNER LTD,10 - Machine tool,,SFC-090DA2-35B-38B,40,INR,4092,2849.16,2301,MPIN,OUT,,
MPIN,2,'2021/12/10,'2021/12/15,OUT,BHARAT FRITZ WERNER LTD,10 - Machine tool,,SFC-010DA2-6B-6B,10,INR,965,333.51,2301,MPIN,OUT,,
MPIN,2,'2021/12/10,'2021/12/15,OUT,BHARAT FRITZ WERNER LTD,10 - Machine tool,,SFC-090DA2-28B-35B,10,INR,4092,2849.16,2301,MPIN,OUT,,
MPIN,2,'2021/12/10,'2021/12/15,OUT,BHARAT FRITZ WERNER LTD,10 - Machine tool,,SFC-090DA2-32B-35B,8,INR,4092,2849.16,2301,MPIN,OUT,,
MPIN,2,'2021/12/10,'2021/12/15,OUT,BHARAT FRITZ WERNER LTD,10 - Machine tool,,SFC-080DA2-35B-35B,13,INR,3631,1819.65,2301,MPIN,OUT,,
MPIN,2,'2021/12/10,'2021/12/15,OUT,BHARAT FRITZ WERNER LTD,10 - Machine tool,,SFC-080DA2-24B-35B,9,INR,3631,1819.65,2301,MPIN,OUT,,
MPIN,2,'2021/12/10,'2021/12/15,OUT,BHARAT FRITZ WERNER LTD,10 - Machine tool,,SFC-080DA2-22B-24B,3,INR,3631,1819.65,2301,MPIN,OUT,,
MPIN,2,'2021/12/10,'2021/12/15,OUT,BHARAT FRITZ WERNER LTD,10 - Machine tool,,SFC-080DA2-25B-35B,14,INR,3631,1819.65,2301,MPIN,OUT,,
MPIN,2,'2021/12/10,'2021/12/15,OUT,BHARAT FRITZ WERNER LTD,10 - Machine tool,,SFC-060SA2-22B-24B-A,32,INR,2334,797.77,2301,MPIN,OUT,,
MPIN,2,'2021/12/10,'2021/12/15,OUT,BHARAT FRITZ WERNER LTD,10 - Machine tool,,SFC-080SA2-22B-35B,10,INR,3048,1226.19,2301,MPIN,OUT,,
MPIN,2,'2021/12/10,'2021/12/15,OUT,BHARAT FRITZ WERNER LTD,10 - Machine tool,,SFC-080SA2-28B-35B,15,INR,3048,1226.19,2301,MPIN,OUT,,
MPIN,2,'2021/12/10,'2021/12/15,OUT,BHARAT FRITZ WERNER LTD,10 - Machine tool,,SFC-090DA2-28B-38K,2,INR,4092,2849.16,2301,MPIN,OUT,,
MPIN,2,'2021/12/10,'2021/12/15,OUT,BHARAT FRITZ WERNER LTD,10 - Machine tool,,SFC-050SA2-18B-19B-A,2,INR,2051,453.37,2301,MPIN,OUT,,
MPIN,2,'2021/12/10,'2021/12/15,OUT,BHARAT FRITZ WERNER LTD,10 - Machine tool,,SFC-060DA2-24B-25B-B,8,INR,2608,1101.69,2301,MPIN,OUT,,
MPIN,2,'2021/12/10,'2021/12/18,OUT,TUSHTOR INDIA PVT LTD,80 - Trading Company,,SFC-050DA2-22B-16BC-C,4,INR,2945,645.71,2301,MPIN,OUT,,13 - Factory Automation
MPIN,1,'2021/12/10,'2021/12/08,OUT,PHEONIX ENGINEERING,80 - Trading Company,,SFC-030DA2-8B-10B-A,1,INR,853,350.48,2301,MPIN,OUT,,13 - Factory Automation
MPIN,1,'2021/12/10,'2021/12/11,OUT,PHEONIX ENGINEERING,80 - Trading Company,,ALS-095-R-19-19,1,INR,5180,5328,2202,MPIN,OUT,,13 - Factory Automation
MPIN,1,'2021/12/10,'2021/12/13,OUT,A.B AUTOMATION,80 - Trading Company,,SFC-050DA2-14B-15B-A,1,INR,1945,645.71,2301,MPIN,OUT,,13 - Factory Automation
MPIN,1,'2021/12/10,'2021/12/13,OUT,PHEONIX ENGINEERING,80 - Trading Company,,SFC-060DA2-19B-20B-A,4,INR,1887,1101.69,2301,MPIN,OUT,,13 - Factory Automation
MPIN,1,'2021/12/10,'2021/12/13,OUT,PHEONIX ENGINEERING,80 - Trading Company,,SFC-050DA2-20B-20B-C,5,INR,1362,645.71,2301,MPIN,OUT,,13 - Factory Automation
MPIN,1,'2021/12/10,'2021/12/13,OUT,PHEONIX ENGINEERING,80 - Trading Company,,SFC-030DA2-8B-12B-B,2,INR,853,350.48,2301,MPIN,OUT,,13 - Factory Automation
MPIN,1,'2021/12/10,'2021/12/14,OUT,DRUPE ENGINEERING PVT LTD,13 - Factory Automation,,SFC-040SA2-10B-19B-B,10,INR,926,310.6,2301,MPIN,OUT,,
MPIN,1,'2021/12/10,'2021/12/10,OUT,OM SAI ENTERPRISES,80 - Trading Company,,PSL-K-22,10,INR,1390.5,912,2602,MPTJ,OUT,,13 - Factory Automation
MPIN,1,'2021/12/10,'2021/12/10,OUT,OM SAI ENTERPRISES,80 - Trading Company,,PSL-K-20,20,INR,1359,671,2602,MPTJ,OUT,,13 - Factory Automation
MPIN,1,'2021/12/10,'2022/02/28,OUT,SHREE MARKETING,80 - Trading Company,,ZG-14 11-11,4,INR,4512,0,2502,MPJP,IN,,13 - Factory Automation
MPIN,1,'2021/12/10,'2022/08/10,OUT,Ajmal Steel Tubes & Pipes Ind .,90 - Other machinery,,126-16-4B-2.2KW-IE3-380/50,2,INR,220650,130680,1302,MPJP,IN,,
MPIN,1,'2021/12/10,'2022/08/10,OUT,Ajmal Steel Tubes & Pipes Ind .,90 - Other machinery,,126-16-4B-3.7KW-IE3-380/50,2,INR,258150,152826,1302,MPJP,IN,,
MPIN,1,'2021/12/10,'2021/12/10,OUT,SHREE MARKETING,80 - Trading Company,,PSL-K-35,4,INR,2042,1505,2602,MPTJ,OUT,,13 - Factory Automation
MPIN,1,'2021/12/10,'2021/12/13,OUT,A.B AUTOMATION,80 - Trading Company,,SFC-050SA2-15B-20B-B,1,INR,1477,453.37,2301,MPIN,OUT,,13 - Factory Automation
MPIN,1,'2021/12/10,'2021/12/14,OUT,DBDS ROBOTICS,13 - Factory Automation,,ALS-040-R-10B-10B,3,INR,733,555,2202,MPIN,OUT,,
MPIN,1,'2021/12/10,'2021/12/14,OUT,DBDS ROBOTICS,13 - Factory Automation,,ALS-040-R-16B-16B,1,INR,733,555,2202,MPIN,OUT,,
MPIN,1,'2021/12/10,'2021/12/14,OUT,DBDS ROBOTICS,13 - Factory Automation,,ALS-040-R-12B-12B,1,INR,733,555,2202,MPIN,OUT,,
MPIN,1,'2021/12/10,'2021/12/14,OUT,DBDS ROBOTICS,13 - Factory Automation,,ALS-055-R-19B-19B,3,INR,1350,876,2202,MPIN,OUT,,
MPIN,1,'2021/12/10,'2021/12/14,OUT,DBDS ROBOTICS,13 - Factory Automation,,ALS-055-R-24B-24B,2,INR,1350,876,2202,MPIN,OUT,,
MPIN,1,'2021/12/10,'2021/12/10,OUT,PREKSHA PRECISION,80 - Trading Company,,ALS-020-R-CLAMP TYPE,10,INR,388,287,2202,MPIN,OUT,,13 - Factory Automation
MPIN,1,'2021/12/10,'2021/12/10,OUT,PREKSHA PRECISION,80 - Trading Company,,ALS-040-R-EL-P (100),10,INR,139,112,2202,MPJP,IN,,13 - Factory Automation
MPIN,1,'2021/12/10,'2021/12/13,OUT,A.B AUTOMATION,80 - Trading Company,,ALS-080-R-30B-35B,1,INR,2558,2189,2202,MPIN,OUT,,13 - Factory Automation
MPIN,1,'2021/12/10,'2021/12/13,OUT,A.B AUTOMATION,80 - Trading Company,,ALS-080-R-35B-45B,1,INR,2558,2189,2202,MPIN,OUT,,13 - Factory Automation
MPIN,1,'2021/12/10,'2021/12/13,OUT,SVP TECHNO ENGINEERS PVT. LTD.,80 - Trading Company,,SFC-040DA2-9B-19B-B,1,INR,1184,447.41,2301,MPIN,OUT,,13 - Factory Automation
MPIN,1,'2021/12/10,'2021/12/13,OUT,SVP TECHNO ENGINEERS PVT. LTD.,80 - Trading Company,,SFC-060DA2-16B-22B-A,4,INR,1887,1101.69,2301,MPIN,OUT,,13 - Factory Automation
MPIN,2,'2021/12/10,'2021/12/08,OUT,PHEONIX ENGINEERING,80 - Trading Company,,SFC-030DA2-8B-10B-A,1,INR,853,350.48,2301,MPIN,OUT,,13 - Factory Automation
MPIN,2,'2021/12/10,'2021/12/11,OUT,PHEONIX ENGINEERING,80 - Trading Company,,ALS-095-R-19-19,1,INR,5180,5328,2202,MPIN,OUT,,13 - Factory Automation
MPIN,2,'2021/12/10,'2021/12/13,OUT,A.B AUTOMATION,80 - Trading Company,,SFC-050DA2-14B-15B-A,1,INR,1945,645.71,2301,MPIN,OUT,,13 - Factory Automation
MPIN,2,'2021/12/10,'2021/12/13,OUT,PHEONIX ENGINEERING,80 - Trading Company,,SFC-060DA2-19B-20B-A,4,INR,1887,1101.69,2301,MPIN,OUT,,13 - Factory Automation
MPIN,2,'2021/12/10,'2021/12/13,OUT,PHEONIX ENGINEERING,80 - Trading Company,,SFC-050DA2-20B-20B-C,5,INR,1362,645.71,2301,MPIN,OUT,,13 - Factory Automation
MPIN,2,'2021/12/10,'2021/12/13,OUT,PHEONIX ENGINEERING,80 - Trading Company,,SFC-030DA2-8B-12B-B,2,INR,853,350.48,2301,MPIN,OUT,,13 - Factory Automation
MPIN,2,'2021/12/10,'2021/12/14,OUT,DRUPE ENGINEERING PVT LTD,13 - Factory Automation,,SFC-040SA2-10B-19B-B,10,INR,926,310.6,2301,MPIN,OUT,,
MPIN,2,'2021/12/10,'2021/12/10,OUT,OM SAI ENTERPRISES,80 - Trading Company,,PSL-K-22,10,INR,1390.5,912,2602,MPTJ,OUT,,13 - Factory Automation
MPIN,2,'2021/12/10,'2021/12/10,OUT,OM SAI ENTERPRISES,80 - Trading Company,,PSL-K-20,20,INR,1359,671,2602,MPTJ,OUT,,13 - Factory Automation
MPIN,2,'2021/12/10,'2022/02/28,OUT,SHREE MARKETING,80 - Trading Company,,ZG-14 11-11,4,INR,4512,0,2502,MPJP,IN,,13 - Factory Automation
MPIN,2,'2021/12/10,'2022/08/10,OUT,Ajmal Steel Tubes & Pipes Ind .,90 - Other machinery,,126-16-4B-2.2KW-IE3-380/50,2,INR,220650,130680,1302,MPJP,IN,,
MPIN,2,'2021/12/10,'2022/08/10,OUT,Ajmal Steel Tubes & Pipes Ind .,90 - Other machinery,,126-16-4B-3.7KW-IE3-380/50,2,INR,258150,152826,1302,MPJP,IN,,
MPIN,2,'2021/12/10,'2021/12/13,OUT,A.B AUTOMATION,80 - Trading Company,,SFC-050SA2-15B-20B-B,1,INR,1477,453.37,2301,MPIN,OUT,,13 - Factory Automation
MPIN,2,'2021/12/10,'2021/12/14,OUT,DBDS ROBOTICS,13 - Factory Automation,,ALS-040-R-10B-10B,3,INR,733,555,2202,MPIN,OUT,,
MPIN,2,'2021/12/10,'2021/12/14,OUT,DBDS ROBOTICS,13 - Factory Automation,,ALS-040-R-16B-16B,1,INR,733,555,2202,MPIN,OUT,,
MPIN,2,'2021/12/10,'2021/12/14,OUT,DBDS ROBOTICS,13 - Factory Automation,,ALS-040-R-12B-12B,1,INR,733,555,2202,MPIN,OUT,,
MPIN,2,'2021/12/10,'2021/12/14,OUT,DBDS ROBOTICS,13 - Factory Automation,,ALS-055-R-19B-19B,3,INR,1350,876,2202,MPIN,OUT,,
MPIN,2,'2021/12/10,'2021/12/14,OUT,DBDS ROBOTICS,13 - Factory Automation,,ALS-055-R-24B-24B,2,INR,1350,876,2202,MPIN,OUT,,
MPIN,2,'2021/12/10,'2021/12/13,OUT,A.B AUTOMATION,80 - Trading Company,,ALS-080-R-30B-35B,1,INR,2558,2189,2202,MPIN,OUT,,13 - Factory Automation
MPIN,2,'2021/12/10,'2021/12/13,OUT,A.B AUTOMATION,80 - Trading Company,,ALS-080-R-35B-45B,1,INR,2558,2189,2202,MPIN,OUT,,13 - Factory Automation
MPIN,2,'2021/12/10,'2021/12/13,OUT,SVP TECHNO ENGINEERS PVT. LTD.,80 - Trading Company,,SFC-040DA2-9B-19B-B,1,INR,1184,447.41,2301,MPIN,OUT,,13 - Factory Automation
MPIN,2,'2021/12/10,'2021/12/13,OUT,SVP TECHNO ENGINEERS PVT. LTD.,80 - Trading Company,,SFC-060DA2-16B-22B-A,4,INR,1887,1101.69,2301,MPIN,OUT,,13 - Factory Automation
MPIN,3,'2021/12/10,'2021/12/06,OUT,OM SAI ENTERPRISES,80 - Trading Company,,SFC-060DA2-20B-22B-A,5,INR,3743,1101.69,2301,MPIN,OUT,,13 - Factory Automation
MPIN,3,'2021/12/10,'2021/12/07,OUT,DRUPE ENGINEERING PVT LTD,13 - Factory Automation,,BLS-040-R-17B-19B,2,INR,495,369,2909,MPIN,OUT,,
MPIN,3,'2021/12/10,'2021/12/10,OUT,PREKSHA PRECISION,80 - Trading Company,,ALS-020-R-CLAMP TYPE,10,INR,388,287,2202,MPIN,OUT,,13 - Factory Automation
MPIN,3,'2021/12/10,'2021/12/10,OUT,PREKSHA PRECISION,80 - Trading Company,,ALS-040-R-EL-P (100),10,INR,139,112,2202,MPJP,IN,,13 - Factory Automation
MPIN,3,'2021/12/10,'2021/12/31,OUT,SHREE MARKETING,80 - Trading Company,,ALS-065-R-25B-35B,40,INR,1506,1302,2202,MPIN,OUT,,13 - Factory Automation
MPIN,3,'2021/12/10,'2021/12/03,OUT,SHREE MARKETING,80 - Trading Company,,PSL-K-17,11,INR,1010,645,2602,MPTJ,OUT,,13 - Factory Automation
MPIN,3,'2021/12/10,'2021/12/03,OUT,SHREE MARKETING,80 - Trading Company,,PSL-K-14,5,INR,898,585,2602,MPTJ,OUT,,13 - Factory Automation
MPIN,3,'2021/12/10,'2021/12/03,OUT,SHREE MARKETING,80 - Trading Company,,PSL-K-8,5,INR,814,866.4,2602,MPTJ,OUT,,13 - Factory Automation
MPIN,3,'2021/12/10,'2021/12/10,OUT,SHREE MARKETING,80 - Trading Company,,PSL-K-35,4,INR,2042,1505,2602,MPTJ,OUT,,13 - Factory Automation
MPIN,3,'2021/12/10,'2021/12/10,OUT,PRIDE MACHINE TOOLS PVT LTD,10 - Machine tool,,SFC-050DA2-20B-16BC-C,50,INR,3380,1288.71,2301,MPIN,OUT,,
